﻿<?xml version="1.0" encoding="UTF-8" standalone="yes"?>

<?xml-stylesheet type="text/xsl" href="Artifacts.xsl"?>
<dsc>

<collection level="series"><did><unittitle>Artifacts</unittitle></did>
<c02 level="subseries"><did><unittitle>Art</unittitle></did>
<c03 level="file"><did><unittitle><corpname>Baxter Street</corpname>. <geogname>New York, NY</geogname>, Illustration of Baxter Street</unittitle><container type="Drawer" label="Mixed materials">Judaica Americana</container><container type="Folder">NYC 800</container><unitdate>1861</unitdate></did><scopecontent audience="internal"><p>doc_ja_nyc_800_1r.tif; doc_ja_nyc_800_1v.tif</p></scopecontent></c03>
<c03 level="file"><did><unittitle><persname>Benjamin, Judah P.</persname> <geogname>United States</geogname>, Engraved picture of Judah P. Benjamin, a confidant of Jefferson Davis</unittitle><container type="Drawer" label="Mixed materials">Judah Benjamin</container><container type="Folder">31</container><unitdate>1864</unitdate></did><scopecontent audience="internal"><p>doc_jb_31_1r.tif; doc_jb_31_1v.tif</p></scopecontent></c03>
<c03 level="file"><did><unittitle><persname>Benjamin, Judah P.</persname> <geogname>United States</geogname>, Printed picture of Judah P. Benjamin, a confidant of Jefferson Davis</unittitle><container type="Drawer" label="Mixed materials">Judah Benjamin</container><container type="Folder">30</container><unitdate>1864</unitdate></did><scopecontent audience="internal"><p>doc_jb_30_1r.tif; doc_jb_30_1v.tif</p></scopecontent></c03>
<c03 level="file"><did><unittitle><persname>Cohen, Mary M.</persname> and <persname>Elmaleh, Leon H.</persname> <geogname>Philadelphia, PA</geogname>, New Year's card signed by Mary M. Cohen and Rev. Leon H. Elmaleh</unittitle><container type="Drawer" label="Mixed materials">Judaica Americana</container><container type="Folder">PHIL 232</container><unitdate>1900</unitdate></did><scopecontent audience="internal"><p>doc_ja_phil_232_1r.tif; doc_ja_phil_232_1v.tif; doc_ja_phil_232_2r.tif; doc_ja_phil_232_2v.tif; doc_ja_phil_232_3r.tif; doc_ja_phil_232_3v.tif; doc_ja_phil_232_4r.tif; doc_ja_phil_232_4v.tif; doc_ja_phil_231_1r.tif; doc_ja_phil_231_1v.tif</p></scopecontent></c03>
<c03 level="file"><did><unittitle><persname>Cowan</persname> and <persname>Murray, George</persname>. <geogname>United States</geogname>, New Year's Card</unittitle><container type="Drawer" label="Mixed materials">Judaica Americana</container><container type="Folder">NYC 984</container><unitdate>1900</unitdate></did><scopecontent audience="internal"><p>doc_ja_nyc_984_1r.tif; doc_ja_nyc_984_1v.tif; doc_ja_nyc_984_2r.tif; doc_ja_nyc_984_2v.tif</p></scopecontent></c03>
<c03 level="file"><did><unittitle><persname>De Young, Isaac</persname>. <geogname>Philadelphia, PA</geogname>, Leaf from a book with an advertising lithograph print of Isaac D'Young's fancy store</unittitle><container type="Drawer" label="Mixed materials">Judaica Americana</container><container type="Folder">PHIL 45</container><unitdate>1820</unitdate></did><scopecontent audience="internal"><p>doc_ja_phil_45_1r.tif; doc_ja_phil_45_1v.tif</p></scopecontent></c03>
<c03 level="file"><did><unittitle><persname>Eybeschutz, Jonathan</persname>. <geogname>Altona, Germany</geogname>, Copper engraving entitled "Portrait of Rabbi Jonathan ben Nathan Eybeschütz (1690-1764)", designed by Wilhelm Kleinhard and engraved by Johann Balzer</unittitle><container type="Drawer" label="Mixed materials">Gratz Family</container><container type="Folder">78</container><unitdate>1773</unitdate></did><scopecontent audience="internal"><p>doc_gf_78_1r.tif; doc_gf_78_1v.tif</p></scopecontent></c03>
<c03 level="file"><did><unittitle><persname>Fecit, Alex Edouard</persname>. <geogname></geogname></unittitle><container type="Box" label="Mixed materials">1</container><container type="Object">4</container><unitdate>1840 October 18</unitdate></did><scopecontent audience="internal"><p>bx1_4_1r.tif; bx1_4_1v.tif</p></scopecontent></c03>
<c03 level="file"><did><unittitle><persname>Finkelstein, M. J.</persname> and <persname>Schwartz, E.</persname> <geogname>Brooklyn, NY</geogname>, Hew Year's card sent to Mr. and Mrs. E Schwartz by M. J. Finkelstein</unittitle><container type="Drawer" label="Mixed materials">Judaica Americana</container><container type="Folder">NYC 979</container><unitdate>1932</unitdate></did><scopecontent audience="internal"><p>doc_ja_nyc_979_1r.tif; doc_ja_nyc_979_1v.tif; doc_ja_nyc_979_2r.tif; doc_ja_nyc_979_2v.tif</p></scopecontent></c03>
<c03 level="file"><did><unittitle><persname>Fisher, A.J.</persname> <geogname>New York, NY</geogname>, Antisemitic caricature of a banker</unittitle><container type="Drawer" label="Mixed materials">Judaica Americana</container><container type="Folder">NYC 741</container><unitdate>undated</unitdate></did><scopecontent audience="internal"><p>doc_ja_nyc_741_1r.tif; doc_ja_nyc_741_1v.tif</p></scopecontent></c03>
<c03 level="file"><did><unittitle><persname>Gelb, M. J.</persname> <geogname>St. Louis, MO</geogname>, A Yortzite calendar in a superb Jewish American folk art form. Rendered in watercolor by M.J. Gelb. Commissioned by the son of the deceased Marcus Blatt in 1919</unittitle><container type="Drawer" label="Mixed materials">Leeser</container><container type="Folder">International</container><unitdate>1919</unitdate></did></c03>
<c03 level="file"><did><unittitle><persname>Gratz, Hyman</persname>. <geogname>Philadelphia, PA</geogname>, Portrait of Hyman Gratz in a distinguished pose sitting in a chair, done by Levytype Co., Philadelphia, PA</unittitle><container type="Box" label="Mixed materials">4</container><container type="Object">4e</container><unitdate>1880</unitdate></did><scopecontent audience="internal"><p>bx4_4e_1r.tif; bx4_4e_1v.tif</p></scopecontent></c03>
<c03 level="file"><did><unittitle><corpname>Haye Olam and Orphan Kitche</corpname>. <geogname>Jerusalem, Palestine</geogname></unittitle><container type="Drawer" label="Mixed materials">Binder B</container><container type="Folder">41</container><unitdate>1900</unitdate></did><scopecontent audience="internal"><p>lbr_fb_s41_1r.tif; lbr_fb_s41_1v.tif</p></scopecontent></c03>
<c03 level="file"><did><unittitle><persname>Hayes, Isaac Israel</persname>. <geogname>Philadelphia, PA</geogname>, Lithograph of Satterlee Unites States General Hospital, West Philadelphia, printed in color by Charles Magnus, and published by James D. Gay, 1864. Lists Dr. Isaac Israel Hayes</unittitle><container type="Box" label="Mixed materials">2</container><container type="Object">6</container><unitdate>1864</unitdate></did><scopecontent audience="internal"><p>bx2_6_1r.tif; bx2_6_1v.tif</p></scopecontent></c03>
<c03 level="file"><did><unittitle><persname>Ingersoll, T. W.</persname> <geogname>Jerusalem</geogname>, Stereograph of the inside of the Jaffa Gate in Jerusalem</unittitle><container type="Drawer" label="Mixed materials">International</container><container type="Folder">12</container><unitdate>undated</unitdate></did><scopecontent audience="internal"><p>doc_in_12_1r.tif; doc_in_12_1v.tif</p></scopecontent></c03>
<c03 level="file"><did><unittitle><corpname>Isaacs and Sons</corpname>. <geogname>New York, NY</geogname>, Front: Ink drawing of an old street. All the houses are pawn shops, including "Isaacs and Sons' Pawn Brokers." Back: "Hocking valley was unusually quiet. Wall street report." Signed T.M.F</unittitle><container type="Drawer" label="Mixed materials">Judaica Americana</container><container type="Folder">NYC 740</container><unitdate>1890</unitdate></did><scopecontent audience="internal"><p>doc_ja_nyc_740_1r.tif; doc_ja_nyc_740_1v.tif</p></scopecontent></c03>
<c03 level="file"><did><unittitle><persname>Jennings, London</persname>. <geogname></geogname>, Illustration of of the court of a Jew's house at Tetuan</unittitle><container type="Drawer" label="Mixed materials">Montefiore</container><container type="Folder">24</container><unitdate>undated</unitdate></did><scopecontent audience="internal"><p>doc_mnt_24_1r.tif; doc_mnt_24_1v.tif</p></scopecontent></c03>
<c03 level="file"><did><unittitle><persname>Keen, A.</persname> <geogname></geogname>, Illustration of a couple moving. Includes several signatures</unittitle><container type="Folder" label="Mixed materials">Binder J</container><container type="Page">6</container><unitdate>1939 May 25</unitdate></did><scopecontent audience="internal"><p>lbr_fj_s6_1r.tif; lbr_fj_s6_1v.tif</p></scopecontent></c03>
<c03 level="file"><did><unittitle><persname>Klauber, Edward</persname>. <geogname>Louisville, KY</geogname>, Print of Adas Israel by E. Klauber, a hand written contemporary note is glued to the print, "Entered according to Act of Congress by E. Klauber," most likely in Klauber's hand writing</unittitle><container type="Drawer" label="Mixed materials">Judaica Americana</container><container type="Folder">KY 123</container><unitdate>1868</unitdate></did><scopecontent audience="internal"><p>doc_ja_ky_123_1r.tif; doc_ja_ky_123_1v.tif</p></scopecontent></c03>
<c03 level="file"><did><unittitle><persname>Krauskopf, Jos.</persname> <geogname>Kansas City, MO</geogname>, Custom printed New Year's card, mostly in English, from Rabbi Jos. Krausopf and his wife</unittitle><container type="Drawer" label="Mixed materials">Judaica Americana</container><container type="Folder">PHIL 229</container><unitdate>1886</unitdate></did><scopecontent audience="internal"><p>doc_ja_phil_229_1r.tif; doc_ja_phil_229_1v.tif</p></scopecontent></c03>
<c03 level="file"><did><unittitle><persname>Lazarus, Emma</persname>. <geogname>New York, NY</geogname>, Emma Lazarus Award</unittitle><container type="Box" label="Mixed materials">8</container><container type="Object">2</container><unitdate>1954 September 1</unitdate></did><scopecontent audience="internal"><p>bx8_2_1r.tif; bx8_2_1v.tif; bx8_2_ref.tif</p></scopecontent></c03>
<c03 level="file"><did><unittitle><persname>Levinthal, B. L.</persname> <geogname>Philadelphia, PA</geogname>, Custom printed New year's card in Yiddish and English from Rabbi B. L. Levinthal</unittitle><container type="Drawer" label="Mixed materials">Judaica Americana</container><container type="Folder">PHIL 230</container><unitdate>1890</unitdate></did><scopecontent audience="internal"><p>doc_ja_phil_230_1r.tif; doc_ja_phil_230_1v.tif</p></scopecontent></c03>
<c03 level="file"><did><unittitle><persname>Levinthal, B. L.</persname> <geogname>Philadelphia, PA</geogname>, Custom printed New year's card in Yiddish and English from Rabbi B. L. Levinthal and his wife</unittitle><container type="Drawer" label="Mixed materials">Judaica Americana</container><container type="Folder">PHIL 227</container><unitdate>1890</unitdate></did><scopecontent audience="internal"><p>doc_ja_phil_227_1r.tif; doc_ja_phil_227_1v.tif</p></scopecontent></c03>
<c03 level="file"><did><unittitle><persname>Levy, Uriah P.</persname> <geogname>Philadelphia, PA</geogname>, Bust view lithograph of Uriah P. Levy in full uniform, by C. Girard</unittitle><container type="Box" label="Mixed materials">4</container><container type="Object">16</container><unitdate>1833</unitdate></did><scopecontent audience="internal"><p>bx4_16_1r.tif; bx4_16_1v.tif</p></scopecontent></c03>
<c03 level="file"><did><unittitle><persname>Lewis, William</persname>. <geogname></geogname></unittitle><container type="Drawer" label="Mixed materials">Gratz Family</container><container type="Folder">53</container><unitdate>undated</unitdate></did><scopecontent audience="internal"><p>doc_gf_53_1r.tif; doc_gf_53_1v.tif</p></scopecontent></c03>
<c03 level="file"><did><unittitle><corpname>Lichtenstein Brothers</corpname>. <geogname>New York, NY</geogname>, Advertising lithograph poster with an illustration of the Lichtenstein Brothers factory in three colors</unittitle><container type="Box" label="Mixed materials">2</container><container type="Object">2</container><unitdate>1885</unitdate></did><scopecontent audience="internal"><p>bx2_2_1r.tif; bx2_2_1v.tif</p></scopecontent></c03>
<c03 level="file"><did><unittitle><persname>Mendelssohn, Moses</persname>. <geogname></geogname></unittitle><container type="Drawer" label="Mixed materials">Montefiore</container><container type="Folder">21</container><unitdate>undated</unitdate></did><scopecontent audience="internal"><p>doc_mnt_21_1r.tif; doc_mnt_21_1v.tif</p></scopecontent></c03>
<c03 level="file"><did><unittitle><persname>Mendoza, Daniel</persname>. <geogname>London, England</geogname>, Print of the famous fight at the Odiham between Humphrey and Daniel Mendoza (1763-1836)</unittitle><container type="Box" label="Mixed materials">6</container><container type="Object">9</container><unitdate>1820</unitdate></did><scopecontent audience="internal"><p>bx6_9_1r.tif; bx6_9_1v.tif</p></scopecontent></c03>
<c03 level="file"><did><unittitle><persname>Menken, A. I.</persname> <geogname>United States</geogname></unittitle><container type="Drawer" label="Mixed materials">Judaica Americana</container><container type="Folder">NYC 939</container><unitdate>1890</unitdate></did><scopecontent audience="internal"><p>doc_ja_nyc_939_1r.tif; doc_ja_nyc_939_1v.tif</p></scopecontent></c03>
<c03 level="file"><did><unittitle><persname>Menken, Ada Isaacs</persname>. <geogname>Philadelphia, PA</geogname>, A Fisher and Turner wood block print of Mazeppa bound to the back of a horse. This is the scene that Ada Menken made famous on the stage</unittitle><container type="Drawer" label="Mixed materials">Judaica Americana</container><container type="Folder">NYC 941</container><unitdate>1855</unitdate></did><scopecontent audience="internal"><p>doc_ja_nyc_941_1r.tif; doc_ja_nyc_941_1v.tif</p></scopecontent></c03>
<c03 level="file"><did><unittitle><persname>Miller, Lucius A.</persname> <geogname>Admiral, MD</geogname>, Roll of honor for Company E 315th Infantry for service in WWI</unittitle><container type="Box" label="Mixed materials">9</container><container type="Object">71</container><unitdate>1917</unitdate></did><scopecontent audience="internal"><p>bx9_71_1r.tif; bx9_71_1v.tif</p></scopecontent></c03>
<c03 level="file"><did><unittitle><persname>Montefiore, Moses</persname>. <geogname></geogname></unittitle><container type="Drawer" label="Mixed materials">Montefiore</container><container type="Folder">4</container><unitdate>undated</unitdate></did><scopecontent audience="internal"><p>doc_mnt_4_1r.tif; doc_mnt_4_1v.tif</p></scopecontent></c03>
<c03 level="file"><did><unittitle><persname>Moses</persname>. <geogname></geogname>, Illustration of Moses with the tables of the Law</unittitle><container type="Drawer" label="Mixed materials">Montefiore</container><container type="Folder">42</container><unitdate>undated</unitdate></did><scopecontent audience="internal"><p>doc_mnt_42_1r.tif; doc_mnt_42_1v.tif</p></scopecontent></c03>
<c03 level="file"><did><unittitle><persname>Norton, Joshua Abraham</persname>. <geogname>San Francisco, CA</geogname>, Multi-colored cabinet lothograph of Joshua Abraham Norton, the famous San Francisco eccentric, in uniform carrying his sword</unittitle><container type="Drawer" label="Mixed materials">Judaica Americana</container><container type="Folder">CA 322</container><unitdate>1880</unitdate></did><scopecontent audience="internal"><p>doc_ja_ca_322_1r.tif; doc_ja_ca_322_1v.tif</p></scopecontent></c03>
<c03 level="file"><did><unittitle><persname>Ottens, Josua</persname> and <persname>De Fonseca</persname>. <geogname>Jew's Town, Suriname</geogname>, Oldest known map of Surinam, founded in 1627 by Abraham van Pere, possibly a member of a Portuguese Jewish refugee family, based on Mogge's map of 1671 marking theh "joods Dorp en Sinagoge" (Jew's town and synagogue) and many Jewish plantation owners</unittitle><container type="Box" label="Mixed materials">2</container><container type="Object">3</container><unitdate>1718</unitdate></did><scopecontent audience="internal"><p>bx2_3_1r.tif</p></scopecontent></c03>
<c03 level="file"><did><unittitle><persname>Penn, John</persname>. <geogname></geogname>, Map and calculations</unittitle><container type="Drawer" label="Mixed materials">Judaica Americana</container><container type="Folder">PA 482</container><unitdate>undated</unitdate></did><scopecontent audience="internal"><p>doc_ja_pa_482_1r.tif; doc_ja_pa_482_1v.tif; doc_ja_pa_483_1r.tif; doc_ja_pa_483_1v.tif; doc_ja_pa_484_1r.tif; doc_ja_pa_484_1v.tif; doc_ja_pa_485_1r.tif; doc_ja_pa_485_1v.tif; doc_ja_pa_486_1r.tif; doc_ja_pa_486_1v.tif</p></scopecontent></c03>
<c03 level="file"><did><unittitle><persname>Rosenbach, Miriam H. Wolf</persname>. <geogname>Philadelphia, PA</geogname>, New Year's Card with a calling card of Miriam H. Wolf Rosenbach</unittitle><container type="Drawer" label="Mixed materials">Judaica Americana</container><container type="Folder">PHIL 226</container><unitdate>1900</unitdate></did><scopecontent audience="internal"><p>doc_ja_phil_226_1r.tif; doc_ja_phil_226_1v.tif</p></scopecontent></c03>
<c03 level="file"><did><unittitle><persname>Rosenthal</persname>. <geogname>Philadelphia, PA</geogname>, A colorful war-date gold bordered lithograph by famed Jewish Philadelphia printer, Rosenthal entitled "Camp Boas, 127th Reg't" and shows the regiment assembled on the camp's parade ground while an American flag fies high</unittitle><container type="Box" label="Mixed materials">6</container><container type="Object">16</container><unitdate>1862 November 1</unitdate></did><scopecontent audience="internal"><p>bx6_16_1r.tif; bx6_16_1v.tif</p></scopecontent></c03>
<c03 level="file"><did><unittitle><persname>Schile, H.</persname> <geogname>New York, NY</geogname>, Lithograph of services on the Day of Atonement by the Israelite soldiers of the Prussian army published by H. Schile</unittitle><container type="Box" label="Mixed materials">2</container><container type="Object">19</container><unitdate>1870</unitdate></did><scopecontent audience="internal"><p>bx2_19_1r.tif; bx2_19_1v.tif</p></scopecontent></c03>
<c03 level="file"><did><unittitle><persname>Spinoza, Baruch</persname>. <geogname></geogname></unittitle><container type="Drawer" label="Mixed materials">Montefiore</container><container type="Folder">20</container><unitdate>undated</unitdate></did><scopecontent audience="internal"><p>doc_mnt_20_1r.tif; doc_mnt_20_1v.tif</p></scopecontent></c03>
<c03 level="file"><did><unittitle><persname>Unknown</persname>. <geogname></geogname>, Caricature of a Jewish man</unittitle><container type="Folder" label="Mixed materials">Binder N</container><container type="Page">10</container><unitdate>undated</unitdate></did><scopecontent audience="internal"><p>lbr_fn_s10_1r.tif; lbr_fn_s10_1v.tif</p></scopecontent></c03>
<c03 level="file"><did><unittitle><persname>Unknown</persname>. <geogname>New York, NY</geogname>, New Year's card in book form mostly in Yiddish with a large fold up map of Paelstine and photos</unittitle><container type="Drawer" label="Mixed materials">Judaica Americana</container><container type="Folder">NYC 978</container><unitdate>1910</unitdate></did><scopecontent audience="internal"><p>doc_ja_nyc_978_1r.tif; doc_ja_nyc_978_1v.tif; doc_ja_nyc_978_2r.tif; doc_ja_nyc_978_2v.tif</p></scopecontent></c03>
<c03 level="file"><did><unittitle><persname>Unknown</persname>. <geogname>United States</geogname></unittitle><container type="Drawer" label="Mixed materials">Binder B</container><container type="Folder">42</container><unitdate>1900</unitdate></did><scopecontent audience="internal"><p>lbr_fb_s42_1r.tif; lbr_fb_s42_1v.tif</p></scopecontent></c03>
<c03 level="file"><did><unittitle><persname>Unknown</persname>. <geogname>United States</geogname>, New Year's card in shape of a check depicting a passenger ship, menorah, zepplin and scrolls printed in Germany</unittitle><container type="Drawer" label="Mixed materials">Montefiore</container><container type="Folder">7</container><unitdate>1910</unitdate></did><scopecontent audience="internal"><p>doc_mnt_7_1r.tif; doc_mnt_7_1v.tif</p></scopecontent></c03>
<c03 level="file"><did><unittitle><persname>Unknown</persname>. <geogname>United States</geogname>, New Year's card with an image of two children. Multiple languages</unittitle><container type="Drawer" label="Mixed materials">Judaica Americana</container><container type="Folder">PHIL 233</container><unitdate>1890</unitdate></did><scopecontent audience="internal"><p>doc_ja_phil_233_1r.tif; doc_ja_phil_233_1v.tif</p></scopecontent></c03>
<c03 level="file"><did><unittitle><persname>Van Pere, Abraham</persname>. <geogname>Jew's Town, Suriname</geogname>, Map of Suriname</unittitle><container type="Box" label="Mixed materials">2</container><container type="Object">4</container><unitdate>1720</unitdate></did><scopecontent audience="internal"><p>bx2_4_1r.tif; bx2_4_1v.tif</p></scopecontent></c03>
<c03 level="file"><did><unittitle><persname>Wetzler, Martin</persname>. <geogname>Allentown, PA</geogname>, Baptismal certificate</unittitle><container type="Box" label="Mixed materials">3</container><container type="Object">2a</container><unitdate>1856 April 26</unitdate></did><scopecontent audience="internal"><p>bx3_2a_1r.tif; bx3_2a_1v.tif</p></scopecontent></c03>
<c03 level="file"><did><unittitle><persname>Wetzler, Martin</persname>. <geogname>Allentown, PA</geogname>, Baptismal certificate</unittitle><container type="Box" label="Mixed materials">6</container><container type="Object">17</container><unitdate>1861 April 18</unitdate></did><scopecontent audience="internal"><p>bx6_17_1r.tif; bx6_17_1v.tif</p></scopecontent></c03>
<c03 level="file"><did><unittitle><persname>Wetzler, Martin</persname>. <geogname>Allentown, PA</geogname>, Baptismal certificate</unittitle><container type="Box" label="Mixed materials">3</container><container type="Object">2c</container><unitdate>1864 September 2</unitdate></did><scopecontent audience="internal"><p>bx3_2c_1r.tif; bx3_2c_1v.tif</p></scopecontent></c03>
<c03 level="file"><did><unittitle><persname>Wetzler, Martin</persname>. <geogname>Allentown, PA</geogname>, Baptismal certificate</unittitle><container type="Drawer" label="Mixed materials">Binder B</container><container type="Folder">31</container><unitdate>1864 December 25</unitdate></did><scopecontent audience="internal"><p>lbr_fb_s31_1r.tif; lbr_fb_s31_1v.tif</p></scopecontent></c03>
<c03 level="file"><did><unittitle><persname>Wetzler, Martin</persname>. <geogname>Allentown, PA</geogname>, Baptismal certificate</unittitle><container type="Drawer" label="Mixed materials">Judaica Americana</container><container type="Folder">PA 514</container><unitdate>1842 November 1</unitdate></did><scopecontent audience="internal"><p>doc_ja_pa_514_1r.tif; doc_ja_pa_514_1v.tif; doc_ja_pa_514_2r.tif; doc_ja_pa_514_2v.tif</p></scopecontent></c03>
<c03 level="file"><did><unittitle><persname>Wetzler, Martin</persname>. <geogname>Allentown, PA</geogname>, Baptismal certificate</unittitle><container type="Box" label="Mixed materials">2</container><container type="Object">2</container><unitdate>1862</unitdate></did><scopecontent audience="internal"><p>bx2_1_1r.tif</p></scopecontent></c03>
<c03 level="file"><did><unittitle><persname>Wetzler, Martin</persname>. <geogname>Allentown, PA</geogname>, Baptismal certificate</unittitle><container type="Folder" label="Mixed materials">Binder E</container><container type="Page">7</container><unitdate>1858</unitdate></did><scopecontent audience="internal"><p>lbr_fe_s7_1r.tif; lbr_fe_s7_1v.tif</p></scopecontent></c03></c02>
<c02 level="subseries"><did><unittitle>Blotters</unittitle></did>
<c03 level="file"><did><unittitle><corpname>Bathhouse</corpname>. <geogname>New York, NY</geogname>, Advertisment for salt water baths</unittitle><container type="Drawer" label="Mixed materials">Judaica Americana</container><container type="Folder">NYC 748</container><unitdate>undated</unitdate></did><scopecontent audience="internal"><p>doc_ja_nyc_748_1r.tif; doc_ja_nyc_748_1v.tif</p></scopecontent></c03>
<c03 level="file"><did><unittitle><persname>Bodenstein, J. G.</persname> <geogname>Staatsburg, NY</geogname>, Blotter used as ad for J.G. Bodenstein, with pictures of ice tools</unittitle><container type="Drawer" label="Mixed materials">Blotters</container><container type="Folder">9</container><unitdate>1900 January 12</unitdate></did><scopecontent audience="internal"><p>doc_bl_9_1r.tif; doc_bl_9_1v.tif</p></scopecontent></c03>
<c03 level="file"><did><unittitle><persname>Cohen, S.</persname> <geogname>Newburgh, NY</geogname>, Three blotters with a lithograph cover of a fashionable woman, from S. Cohen</unittitle><container type="Drawer" label="Mixed materials">Judaica Americana</container><container type="Folder">NY 401</container><unitdate>1885</unitdate></did><scopecontent audience="internal"><p>doc_ja_ny_401_1r.tif; doc_ja_ny_401_1v.tif; doc_ja_ny_401_2r.tif; doc_ja_ny_401_2v.tif; doc_ja_ny_401_3r.tif; doc_ja_ny_401_3v.tif; doc_ja_ny_401_4r.tif; doc_ja_ny_401_4v.tif</p></scopecontent></c03>
<c03 level="file"><did><unittitle><corpname>Cohen</corpname>. <geogname>Norristown, PA</geogname>, Blotter with picture of man and daughter. Ad for O'Sullivan's heels</unittitle><container type="Drawer" label="Mixed materials">Blotters</container><container type="Folder">4</container><unitdate>1900</unitdate></did><scopecontent audience="internal"><p>doc_bl_4_1r.tif; doc_bl_4_1v.tif</p></scopecontent></c03>
<c03 level="file"><did><unittitle><persname>Edlestein, R.</persname> <geogname>Akron, PA</geogname>, Blotter used as advertising object for R. Edlestein, ladies' and gents' tailor</unittitle><container type="Drawer" label="Mixed materials">Blotters</container><container type="Folder">23</container><unitdate>1900</unitdate></did><scopecontent audience="internal"><p>doc_bl_23_1r.tif; doc_bl_23_1v.tif</p></scopecontent></c03>
<c03 level="file"><did><unittitle><corpname>Enterprise Cleaning and Dyeing Co.</corpname> <geogname>Camden, NJ</geogname></unittitle><container type="Drawer" label="Mixed materials">Blotters</container><container type="Folder">20</container><unitdate>undated</unitdate></did><scopecontent audience="internal"><p>doc_bl_20_1r.tif; doc_bl_20_1v</p></scopecontent></c03>
<c03 level="file"><did><unittitle><persname>Fleischner, P.</persname> <geogname>Philadelphia, PA</geogname>, Blotter with picture of mountains as advertising object for P. Fleischner</unittitle><container type="Drawer" label="Mixed materials">Blotters</container><container type="Folder">12</container><unitdate>1885</unitdate></did><scopecontent audience="internal"><p>doc_bl_12_1r.tif; doc_bl_12_1v.tif</p></scopecontent></c03>
<c03 level="file"><did><unittitle><corpname>Germania Fire Insurance Co.</corpname> <geogname>Falls Village, CT</geogname>, Blotter listing the total assets of the Germania Fire Insurance Company as of July 1, 1868</unittitle><container type="Drawer" label="Mixed materials">Blotters</container><container type="Folder">2</container><unitdate>1868</unitdate></did><scopecontent audience="internal"><p>doc_bl_2_1r.tif; doc_bl_2_1v.tif</p></scopecontent></c03>
<c03 level="file"><did><unittitle><corpname>Goldstein Bros.</corpname> <geogname>New York, NY</geogname>, Blotter used as ad by Goldstein Bros. with a drawing of a women in a fur coat on the phone</unittitle><container type="Drawer" label="Mixed materials">Blotters</container><container type="Folder">14</container><unitdate>1890</unitdate></did><scopecontent audience="internal"><p>doc_bl_14_1r.tif; doc_bl_14_1v.tif</p></scopecontent></c03>
<c03 level="file"><did><unittitle><persname>Goodman</persname> and <persname>Cowen, D.</persname> <geogname>New York, NY</geogname>, Blotter used as ad by Goodman for matzoths</unittitle><container type="Drawer" label="Mixed materials">Blotters</container><container type="Folder">10</container><unitdate>1900</unitdate></did><scopecontent audience="internal"><p>doc_bl_10_1r.tif; doc_bl_10_1v.tif</p></scopecontent></c03>
<c03 level="file"><did><unittitle><persname>Katzman, S.</persname> <geogname>Allentown, PA</geogname>, Blotter used as ad for S. Katzman, designer and manufacturer of furs, with a picutre of a woman in a fur wrap</unittitle><container type="Drawer" label="Mixed materials">Blotters</container><container type="Folder">16</container><unitdate>1885</unitdate></did><scopecontent audience="internal"><p>doc_bl_16_1r.tif; doc_bl_16_1v.tif</p></scopecontent></c03>
<c03 level="file"><did><unittitle><persname>Levitoff, S.</persname> <geogname>Altoona, PA</geogname>, Blotter used as ad for S. Levitoff, with a picture of the store and a price list</unittitle><container type="Drawer" label="Mixed materials">Blotters</container><container type="Folder">42130</container><unitdate>1900</unitdate></did><scopecontent audience="internal"><p>doc_bl_5_1r.tif; doc_bl_5_1v.tif; doc_bl_6_1r.tif; doc_bl_6_1v.tif</p></scopecontent></c03>
<c03 level="file"><did><unittitle><persname>Lit, Samuel</persname> and <persname>Lit, Jacob</persname>. <geogname>Philadelphia, PA</geogname>, Blotter used as ad for Lit Brothers</unittitle><container type="Drawer" label="Mixed materials">Blotters</container><container type="Folder">1</container><unitdate>1910</unitdate></did><scopecontent audience="internal"><p>doc_bl_1_1r.tif.tif; doc_bl_1_1v.tif</p></scopecontent></c03>
<c03 level="file"><did><unittitle><persname>Lit, Samuel</persname> and <persname>Lit, Jacob</persname>. <geogname>Philadelphia, PA</geogname>, Blotter used as ad for Lit Brothers</unittitle><container type="Drawer" label="Mixed materials">Blotters</container><container type="Folder">8</container><unitdate>1885</unitdate></did><scopecontent audience="internal"><p>doc_bl_8_1r.tif; doc_bl_8_1v</p></scopecontent></c03>
<c03 level="file"><did><unittitle><corpname>Lubow Bros.</corpname> <geogname>Pittsburgh, PA</geogname>, Blotter used as ad for Lubow Bros., suits, top coats, overcoats</unittitle><container type="Drawer" label="Mixed materials">Blotters</container><container type="Folder">3</container><unitdate>1900</unitdate></did><scopecontent audience="internal"><p>doc_bl_3_1r.tif; doc_bl_3_1v.tif</p></scopecontent></c03>
<c03 level="file"><did><unittitle><corpname>Mishler</corpname>. <geogname>Altoona, PA</geogname></unittitle><container type="Drawer" label="Mixed materials">Blotters</container><container type="Folder">18</container><unitdate>1900</unitdate></did><scopecontent audience="internal"><p>doc_bl_18_1r.tif; doc_bl_18_1v.tif</p></scopecontent></c03>
<c03 level="file"><did><unittitle><corpname>R. J. Strasenburgh</corpname>. <geogname>Rochester, NY</geogname>, Blotter of Emul. O. Balm and Guiabalm</unittitle><container type="Drawer" label="Mixed materials">Blotters</container><container type="Folder">7</container><unitdate>1900</unitdate></did><scopecontent audience="internal"><p>doc_bl_7_1r.tif; doc_bl_7_1v.tif</p></scopecontent></c03>
<c03 level="file"><did><unittitle><corpname>Reineberg and Lee</corpname>. <geogname>York, PA</geogname>, Blotter for Lee Reineberg's Boot shop</unittitle><container type="Drawer" label="Mixed materials">Blotters</container><container type="Folder">21</container><unitdate>1900</unitdate></did><scopecontent audience="internal"><p>doc_bl_21_1r.tif; doc_bl_21_1v.tif</p></scopecontent></c03>
<c03 level="file"><did><unittitle><persname>Rosenblatt, A.</persname> and <persname>Rosenblatt, J.</persname> <geogname>Philadelphia, PA</geogname>, Blotter used as advertising object for A. and J. Rosenblatt, who prescribe and make glasses</unittitle><container type="Drawer" label="Mixed materials">Blotters</container><container type="Folder">22</container><unitdate>1885</unitdate></did><scopecontent audience="internal"><p>doc_bl_22_1r.tif; doc_bl_22_1v.tif</p></scopecontent></c03>
<c03 level="file"><did><unittitle><corpname>Rubinstein's</corpname>. <geogname>West Chester, Pa</geogname>, Blotter for stationery and sporting goods store</unittitle><container type="Drawer" label="Mixed materials">Blotters</container><container type="Folder">15</container><unitdate>undated</unitdate></did><scopecontent audience="internal"><p>doc_bl_15_1r.tif; doc_bl_15_1v.tif</p></scopecontent></c03>
<c03 level="file"><did><unittitle><corpname>Schloss Bros.</corpname> <geogname>Baltimore, MD</geogname>, Blotter advertising Schloss Bros., clothiers</unittitle><container type="Drawer" label="Mixed materials">Blotters</container><container type="Folder">17</container><unitdate>1900</unitdate></did><scopecontent audience="internal"><p>doc_bl_17_1r.tif; doc_bl_17_1v.tif</p></scopecontent></c03>
<c03 level="file"><did><unittitle><corpname>Simon Baer's Sons</corpname>. <geogname>Wheeling, WV</geogname>, Blotter for grocers</unittitle><container type="Drawer" label="Mixed materials">Blotters</container><container type="Folder">11</container><unitdate>undated</unitdate></did><scopecontent audience="internal"><p>doc_bl_11_1r.tif; doc_bl_11_1v.tif</p></scopecontent></c03>
<c03 level="file"><did><unittitle><corpname>Sophie Tucker</corpname>. <geogname>New York, NY</geogname></unittitle><container type="Drawer" label="Mixed materials">Blotters</container><container type="Folder">19</container><unitdate>undated</unitdate></did><scopecontent audience="internal"><p>doc_bl_19_1r.tif; doc_bl_19_1v.tif</p></scopecontent></c03>
<c03 level="file"><did><unittitle><corpname>Weber's Alpine Tea</corpname>. <geogname>United States</geogname>, Calendar with month advertising Weber's alpine tea in Italian, Yiddish and English</unittitle><container type="Drawer" label="Mixed materials">Blotters</container><container type="Folder">13</container><unitdate>1910</unitdate></did><scopecontent audience="internal"><p>doc_bl_13_1r.tif; doc_bl_13_1v.tif</p></scopecontent></c03></c02>
<c02 level="subseries"><did><unittitle>Objects</unittitle></did>
<c03 level="file"><did><unittitle><corpname>American Jewry</corpname>. <geogname>Jerusalem, Israel</geogname>, Hanukka 1994 Mintset</unittitle><container type="Drawer" label="Mixed materials">International</container><container type="Folder">26</container><unitdate>1994</unitdate></did><scopecontent audience="internal"><p>doc_in_26_1r.tif; doc_in_26_1v.tif; doc_in_26_1v_a.tif; doc_in_26_2r.tif; doc_in_26_2v.tif; doc_in_26_3r.tif; doc_in_26_3r_a.tif; doc_in_26_3v.tif</p></scopecontent></c03>
<c03 level="file"><did><unittitle><corpname>Berry, Wisner and Lohman</corpname>. <geogname>New York, NY</geogname>, Drinking mug</unittitle><container type="Drawer" label="Mixed materials">Billheads Post-1880</container><container type="Folder">NYC 463</container><unitdate>1910</unitdate></did><scopecontent audience="internal"><p>doc_bhl_nyc_463_1r.tif; doc_bhl_nyc_463_1v.tif</p></scopecontent></c03>
<c03 level="file"><did><unittitle><corpname>Beth Zekeinim</corpname>. <geogname>Jerusalem, Palestine</geogname></unittitle><container type="Drawer" label="Mixed materials">Montefiore</container><container type="Folder">34</container><unitdate>undated</unitdate></did><scopecontent audience="internal"><p>doc_mnt_34_1r.tif; doc_mnt_34_1v.tif</p></scopecontent></c03>
<c03 level="file"><did><unittitle><persname>Bloom, Moses</persname>. <geogname>Iowa City, IA</geogname>, A brass shell advertising mirror</unittitle><container type="Drawer" label="Mixed materials">Judaica Americana</container><container type="Folder">IA 88</container><unitdate>1865</unitdate></did><scopecontent audience="internal"><p>doc_ja_ia_88_1r.tif; doc_ja_ia_88_1v.tif</p></scopecontent></c03>
<c03 level="file"><did><unittitle><corpname>Breslauer, Moses and Co.</corpname> <geogname>Georgetown, SC</geogname>, Billhead from the firm of Breslauer, Moses and Co</unittitle><container type="Drawer" label="Mixed materials">Billheads Post-1880</container><container type="Folder">SC 834</container><unitdate>1883 December 17</unitdate></did><scopecontent audience="internal"><p>doc_bhl_sc_834_1r.tif; doc_bhl_sc_834_1v.tif</p></scopecontent></c03>
<c03 level="file"><did><unittitle><persname>Carvalho, Isaac N.</persname> <geogname>Philadelphia, PA</geogname>, Ad painted on tin for La Flor de Carvalhlo Havana Cigars</unittitle><container type="Drawer" label="Mixed materials">Judaica Americana</container><container type="Folder">PHIL 8</container><unitdate>1900</unitdate></did><scopecontent audience="internal"><p>doc_ja_phil_8_1r.tif; doc_ja_phil_8_1v.tif; doc_ja_phil_8_1v_a.tif; doc_ja_phil_8_1v_b.tif; doc_ja_phil_8_2v.tif</p></scopecontent></c03>
<c03 level="file"><did><unittitle><persname>Cohen, H.</persname> <geogname>Salem, OH</geogname>, Advertising cloth wallet</unittitle><container type="Drawer" label="Mixed materials">Billheads Post-1880</container><container type="Folder">OH 744</container><unitdate>1892</unitdate></did><scopecontent audience="internal"><p>doc_bhl_oh_744_1r.tif; doc_bhl_oh_744_1v.tif</p></scopecontent></c03>
<c03 level="file"><did><unittitle><corpname>D. Rosenberg &amp; Son</corpname>. <geogname>New York, NY</geogname>, Billhead from D. Rosenberg and Son, manufacturer of varnishes and japans</unittitle><container type="Folder" label="Mixed materials">Binder O</container><container type="Page">1c</container><unitdate>1860</unitdate></did></c03>
<c03 level="file"><did><unittitle><persname>Goldstein, Louis L.</persname> <geogname>New York, NY</geogname>, Menu for the 40th anniversary of Mordecai Lodge printed on aluminum, and used as ad for Louis L. Goldstein</unittitle><container type="Drawer" label="Mixed materials">Judaica Americana</container><container type="Folder">NYC 824</container><unitdate>1904</unitdate></did><scopecontent audience="internal"><p>doc_ja_nyc_824_1r.tif; doc_ja_nyc_824_1v.tif</p></scopecontent></c03>
<c03 level="file"><did><unittitle><corpname>Hershel's</corpname>. <geogname>New York, NY</geogname>, Sign advertising Hershel's king size New York "corntrami"</unittitle><container type="Box" label="Mixed materials">4</container><container type="Object">9</container><unitdate>1950</unitdate></did><scopecontent audience="internal"><p>bx4_9_1r.tif; bx4_9_1v.tif</p></scopecontent></c03>
<c03 level="file"><did><unittitle><persname>Hyams, Louis</persname> and <persname>Cohn, Louis</persname>. <geogname>Salt Lake City, UT</geogname>, Silk political ribbon used as ad for the Liberal ticket</unittitle><container type="Drawer" label="Mixed materials">Judaica Americana</container><container type="Folder">UT 629</container><unitdate>1890</unitdate></did><scopecontent audience="internal"><p>doc_ja_ut_629_1r.tif; doc_ja_ut_629_1v.tif</p></scopecontent></c03>
<c03 level="file"><did><unittitle><corpname>I. W. Goldberg</corpname>. <geogname>Bridgeton, NJ</geogname>, Fan used as ad for I.W. Goldberg with a scene entitled "the old mill."</unittitle><container type="Drawer" label="Mixed materials">Mickve Israel</container><container type="Folder">12</container><unitdate>1920</unitdate></did></c03>
<c03 level="file"><did><unittitle><persname>Isaacs, Henry</persname>. <geogname>Greenfield, MA</geogname>, Single month calendar with a drawing of a flapper by Frank Desch, used as ad for Henry Isaacs</unittitle><container type="Drawer" label="Mixed materials">Billheads Post-1880</container><container type="Folder">MA 280</container><unitdate>1880</unitdate></did><scopecontent audience="internal"><p>doc_bhl_ma_280_1r.tif; doc_bhl_ma_280_1v.tif</p></scopecontent></c03>
<c03 level="file"><did><unittitle><corpname>Joseph Ullmann</corpname>. <geogname>New York, NY</geogname>, Tag for raw fur dealer</unittitle><container type="Drawer" label="Mixed materials">Billhead Post-1880</container><container type="Folder">NYC 686</container><unitdate>undated</unitdate></did><scopecontent audience="internal"><p>doc_bhl_nyc_686_1r.tif; doc_bhl_nyc_686_1v.tif</p></scopecontent></c03>
<c03 level="file"><did><unittitle><persname>Levy, L.</persname> <geogname>New York, NY</geogname>, Canvas fishing tackle pouch, used as an ad for L. Levy's sporting goods store</unittitle><container type="Drawer" label="Mixed materials">Judaica Americana</container><container type="Folder">NYC 923</container><unitdate>1890</unitdate></did><scopecontent audience="internal"><p>doc_ja_nyc_923_1r.tif; doc_ja_nyc_923_1v.tif</p></scopecontent></c03>
<c03 level="file"><did><unittitle><corpname>M. Singer and Sons</corpname>. <geogname>Paterson, NJ</geogname>, Labels for ginger ale, 2 lemons, 2 creams, celery and 2 grapes with star of David</unittitle><container type="Folder" label="Mixed materials">Binder E</container><container type="Page">4</container><unitdate>1930</unitdate></did></c03>
<c03 level="file"><did><unittitle><corpname>P. Whitlock</corpname>. <geogname>VA</geogname>, Wrapper for Old Virginia Cheroots</unittitle><container type="Drawer" label="Mixed materials">Judaica Americana</container><container type="Folder">VA 689</container><unitdate>1891</unitdate></did><scopecontent audience="internal"><p>doc_ja_va_689_1r.tif; doc_ja_va_689_1v.tif</p></scopecontent></c03>
<c03 level="file"><did><unittitle><corpname>P. Whitlock</corpname>. <geogname>VA</geogname>, Wrapper for Old Virginia Cheroots</unittitle><container type="Drawer" label="Mixed materials">Judaica Americana</container><container type="Folder">VA 684</container><unitdate>1891</unitdate></did><scopecontent audience="internal"><p>doc_ja_va_684_1r.tif; doc_ja_va_684_1v.tif</p></scopecontent></c03>
<c03 level="file"><did><unittitle><corpname>P. Whitlock</corpname>. <geogname>VA</geogname>, Wrapper for Old Virginia Cheroots</unittitle><container type="Drawer" label="Mixed materials">Judaica Americana</container><container type="Folder">VA 685</container><unitdate>1891</unitdate></did><scopecontent audience="internal"><p>doc_ja_va_685_1r.tif; doc_ja_va_685_1v.tif</p></scopecontent></c03>
<c03 level="file"><did><unittitle><corpname>P. Whitlock</corpname>. <geogname>VA</geogname>, Wrapper for Old Virginia Cheroots</unittitle><container type="Drawer" label="Mixed materials">Judaica Americana</container><container type="Folder">VA 686</container><unitdate>1891</unitdate></did><scopecontent audience="internal"><p>doc_ja_va_686_1r.tif; doc_ja_va_686_1v.tif</p></scopecontent></c03>
<c03 level="file"><did><unittitle><corpname>P. Whitlock</corpname>. <geogname>VA</geogname>, Wrapper for Old Virginia Cheroots</unittitle><container type="Drawer" label="Mixed materials">Judaica Americana</container><container type="Folder">VA 687</container><unitdate>1891</unitdate></did><scopecontent audience="internal"><p>doc_ja_va_687_1r.tif; doc_ja_va_687_1v.tif</p></scopecontent></c03>
<c03 level="file"><did><unittitle><corpname>P. Whitlock</corpname>. <geogname>VA</geogname>, Wrapper for Old Virginia Cheroots</unittitle><container type="Drawer" label="Mixed materials">Judaica Americana</container><container type="Folder">VA 688</container><unitdate>1891</unitdate></did><scopecontent audience="internal"><p>doc_ja_va_688_1r.tif; doc_ja_va_688_1v.tif</p></scopecontent></c03>
<c03 level="file"><did><unittitle><corpname>P. Whitlock</corpname>. <geogname>VA</geogname>, Wrapper for Old Virginia Cheroots</unittitle><container type="Drawer" label="Mixed materials">Judaica Americana</container><container type="Folder">VA 690</container><unitdate>1891</unitdate></did><scopecontent audience="internal"><p>doc_ja_va_690_1r.tif; doc_ja_va_690_1v.tif</p></scopecontent></c03>
<c03 level="file"><did><unittitle><corpname>P. Whitlock</corpname>. <geogname>VA</geogname>, Wrapper for Old Virginia Cheroots</unittitle><container type="Drawer" label="Mixed materials">Judaica Americana</container><container type="Folder">VA 691</container><unitdate>1891</unitdate></did><scopecontent audience="internal"><p>doc_ja_va_691_1r.tif; doc_ja_va_691_1v.tif</p></scopecontent></c03>
<c03 level="file"><did><unittitle><corpname>P. Whitlock</corpname>. <geogname>VA</geogname>, Wrapper for Old Virginia Cheroots</unittitle><container type="Drawer" label="Mixed materials">Judaica Americana</container><container type="Folder">VA 692</container><unitdate>1891</unitdate></did><scopecontent audience="internal"><p>doc_ja_va_692_1r.tif; doc_ja_va_692_1v.tif</p></scopecontent></c03>
<c03 level="file"><did><unittitle><corpname>P. Whitlock</corpname>. <geogname>VA</geogname>, Wrapper for Old Virginia Cheroots</unittitle><container type="Drawer" label="Mixed materials">Judaica Americana</container><container type="Folder">VA 693</container><unitdate>1891</unitdate></did><scopecontent audience="internal"><p>doc_ja_va_693_1r.tif; doc_ja_va_693_1v.tif</p></scopecontent></c03>
<c03 level="file"><did><unittitle><corpname>P. Whitlock</corpname>. <geogname>VA</geogname>, Wrapper for Old Virginia Cheroots</unittitle><container type="Drawer" label="Mixed materials">Judaica Americana</container><container type="Folder">VA 694</container><unitdate>1891</unitdate></did><scopecontent audience="internal"><p>doc_ja_va_694_1r.tif; doc_ja_va_694_1v.tif</p></scopecontent></c03>
<c03 level="file"><did><unittitle><corpname>P. Whitlock</corpname>. <geogname>VA</geogname>, Wrapper for Old Virginia Cheroots</unittitle><container type="Drawer" label="Mixed materials">Judaica Americana</container><container type="Folder">VA 695</container><unitdate>1891</unitdate></did><scopecontent audience="internal"><p>doc_ja_va_695_1r.tif; doc_ja_va_695_1v.tif</p></scopecontent></c03>
<c03 level="file"><did><unittitle><corpname>P. Whitlock</corpname>. <geogname>VA</geogname>, Wrapper for Old Virginia Cheroots</unittitle><container type="Drawer" label="Mixed materials">Judaica Americana</container><container type="Folder">VA 696</container><unitdate>1891</unitdate></did><scopecontent audience="internal"><p>doc_ja_va_696_1r.tif; doc_ja_va_696_1v.tif</p></scopecontent></c03>
<c03 level="file"><did><unittitle><corpname>P. Whitlock</corpname>. <geogname>VA</geogname>, Wrapper for Old Virginia Cheroots</unittitle><container type="Drawer" label="Mixed materials">Judaica Americana</container><container type="Folder">VA 697</container><unitdate>1891</unitdate></did><scopecontent audience="internal"><p>doc_ja_va_697_1r.tif; doc_ja_va_697_1v.tif</p></scopecontent></c03>
<c03 level="file"><did><unittitle><corpname>P. Whitlock</corpname>. <geogname>VA</geogname>, Wrapper for Old Virginia Cheroots</unittitle><container type="Drawer" label="Mixed materials">Judaica Americana</container><container type="Folder">VA 698</container><unitdate>1891</unitdate></did><scopecontent audience="internal"><p>doc_ja_va_698_1r.tif; doc_ja_va_698_1v.tif</p></scopecontent></c03>
<c03 level="file"><did><unittitle><corpname>P. Whitlock</corpname>. <geogname>VA</geogname>, Wrapper for Old Virginia Cheroots</unittitle><container type="Drawer" label="Mixed materials">Judaica Americana</container><container type="Folder">VA 699</container><unitdate>1891</unitdate></did><scopecontent audience="internal"><p>doc_ja_va_699_1r.tif; doc_ja_va_699_1v.tif</p></scopecontent></c03>
<c03 level="file"><did><unittitle><corpname>P. Whitlock</corpname>. <geogname>VA</geogname>, Wrapper for Old Virginia Cheroots</unittitle><container type="Drawer" label="Mixed materials">Judaica Americana</container><container type="Folder">VA 700</container><unitdate>1891</unitdate></did><scopecontent audience="internal"><p>doc_ja_va_700_1r.tif; doc_ja_va_700_1v.tif</p></scopecontent></c03>
<c03 level="file"><did><unittitle><corpname>P. Whitlock</corpname>. <geogname>VA</geogname>, Wrapper for Old Virginia Cheroots</unittitle><container type="Drawer" label="Mixed materials">Judaica Americana</container><container type="Folder">VA 701</container><unitdate>1891</unitdate></did><scopecontent audience="internal"><p>doc_ja_va_701_1r.tif; doc_ja_va_701_1v.tif</p></scopecontent></c03>
<c03 level="file"><did><unittitle><corpname>P. Whitlock</corpname>. <geogname>VA</geogname>, Wrapper for Old Virginia Cheroots</unittitle><container type="Drawer" label="Mixed materials">Judaica Americana</container><container type="Folder">VA 702</container><unitdate>1891</unitdate></did><scopecontent audience="internal"><p>doc_ja_va_702_1r.tif; doc_ja_va_702_1v.tif</p></scopecontent></c03>
<c03 level="file"><did><unittitle><corpname>P. Whitlock</corpname>. <geogname>VA</geogname>, Wrapper for Old Virginia Cheroots</unittitle><container type="Drawer" label="Mixed materials">Judaica Americana</container><container type="Folder">VA 703</container><unitdate>1891</unitdate></did><scopecontent audience="internal"><p>doc_ja_va_703_1r.tif; doc_ja_va_703_1v.tif</p></scopecontent></c03>
<c03 level="file"><did><unittitle><corpname>P. Whitlock</corpname>. <geogname>VA</geogname>, Wrapper for Old Virginia Cheroots</unittitle><container type="Drawer" label="Mixed materials">Judaica Americana</container><container type="Folder">VA 704</container><unitdate>1891</unitdate></did><scopecontent audience="internal"><p>doc_ja_va_704_1r.tif; doc_ja_va_704_1v.tif</p></scopecontent></c03>
<c03 level="file"><did><unittitle><corpname>P. Whitlock</corpname>. <geogname>VA</geogname>, Wrapper for Old Virginia Cheroots</unittitle><container type="Drawer" label="Mixed materials">Judaica Americana</container><container type="Folder">VA 705</container><unitdate>1891</unitdate></did><scopecontent audience="internal"><p>doc_ja_va_705_1r.tif; doc_ja_va_705_1v.tif</p></scopecontent></c03>
<c03 level="file"><did><unittitle><corpname>P. Whitlock</corpname>. <geogname>VA</geogname>, Wrapper for Old Virginia Cheroots</unittitle><container type="Drawer" label="Mixed materials">Judaica Americana</container><container type="Folder">VA 706</container><unitdate>1891</unitdate></did><scopecontent audience="internal"><p>doc_ja_va_706_1r.tif; doc_ja_va_706_1v.tif</p></scopecontent></c03>
<c03 level="file"><did><unittitle><corpname>P. Whitlock</corpname>. <geogname>VA</geogname>, Wrapper for Old Virginia Cheroots</unittitle><container type="Drawer" label="Mixed materials">Judaica Americana</container><container type="Folder">VA 707</container><unitdate>1891</unitdate></did><scopecontent audience="internal"><p>doc_ja_va_707_1r.tif; doc_ja_va_707_1v.tif</p></scopecontent></c03>
<c03 level="file"><did><unittitle><corpname>P. Whitlock</corpname>. <geogname>VA</geogname>, Wrapper for Old Virginia Cheroots</unittitle><container type="Drawer" label="Mixed materials">Judaica Americana</container><container type="Folder">VA 708</container><unitdate>1891</unitdate></did><scopecontent audience="internal"><p>doc_ja_va_708_1r.tif; doc_ja_va_708_1v.tif</p></scopecontent></c03>
<c03 level="file"><did><unittitle><corpname>P. Whitlock</corpname>. <geogname>VA</geogname>, Wrapper for Old Virginia Cheroots</unittitle><container type="Drawer" label="Mixed materials">Judaica Americana</container><container type="Folder">VA 709</container><unitdate>1891</unitdate></did><scopecontent audience="internal"><p>doc_ja_va_709_1r.tif; doc_ja_va_709_1v.tif</p></scopecontent></c03>
<c03 level="file"><did><unittitle><corpname>P. Whitlock</corpname>. <geogname>VA</geogname>, Wrapper for Old Virginia Cheroots</unittitle><container type="Drawer" label="Mixed materials">Judaica Americana</container><container type="Folder">VA 710</container><unitdate>1891</unitdate></did><scopecontent audience="internal"><p>doc_ja_va_710_1r.tif; doc_ja_va_710_1v.tif</p></scopecontent></c03>
<c03 level="file"><did><unittitle><corpname>Rosenstein</corpname>. <geogname>Chicago, IL</geogname>, Circle lable shoe and instructions</unittitle><container type="Folder" label="Mixed materials">Binder C</container><container type="Page">26</container><unitdate>1890</unitdate></did></c03>
<c03 level="file"><did><unittitle><corpname>Rothchild</corpname>. <geogname>Hartford, CT</geogname>, Pin Cushion with lithograph of eagle and two public buildings for Horsfall and Rothchild</unittitle><container type="Folder" label="Mixed materials">Binder C</container><container type="Folder">CT 160</container><unitdate>1890</unitdate></did><scopecontent audience="internal"><p>doc_bhl_ct_160_1r.tif; doc_bhl_ct_160_1v.tif</p></scopecontent></c03>
<c03 level="file"><did><unittitle><corpname>Tenement</corpname>. <geogname>New York, NY</geogname>, Sign advertisement a tenement for rent</unittitle><container type="Box" label="Mixed materials">9</container><container type="Object">59</container><unitdate>undated</unitdate></did><scopecontent audience="internal"><p>bx9_59_1r.tif; bx9_59_1v.tif</p></scopecontent></c03>
<c03 level="file"><did><unittitle><persname>Unknown</persname>. <geogname></geogname></unittitle><container type="Drawer" label="Mixed materials">Civil War</container><container type="Folder">69</container><unitdate>undated</unitdate></did><scopecontent audience="internal"><p>doc_cw_69_1r.tif; doc_cw_69_1v.tif; doc_cw_69_2r.tif; doc_cw_69_2v.tif</p></scopecontent></c03>
<c03 level="file"><did><unittitle><persname>Unknown</persname>. <geogname>Denver, CO</geogname>, Good luck coin used as ad for the 50th anniversary of the National Jewish Hospital in Denver</unittitle><container type="Drawer" label="Mixed materials">Billheads Pre-1880</container><container type="Folder">MD 914</container><unitdate>1905 May 2</unitdate></did></c03>
<c03 level="file"><did><unittitle><persname>Unknown</persname>. <geogname>Jaffa, Israel</geogname>, Knit hat that says Jaffa and Jerusalem</unittitle><container type="Box" label="Mixed materials">3</container><container type="Object">1c</container><unitdate>undated</unitdate></did><scopecontent audience="internal"><p>bx3_1c_1r.tif; bx3_1c_1v.tif</p></scopecontent></c03>
<c03 level="file"><did><unittitle><persname>Unknown</persname>. <geogname>Lehighton, PA</geogname></unittitle><container type="Box" label="Mixed materials">9</container><container type="Object">3</container><unitdate>1930</unitdate></did><scopecontent audience="internal"><p>bx9_3b_1r.tif; bx9_3b_1v.tif</p></scopecontent></c03>
<c03 level="file"><did><unittitle><persname>Unknown</persname>. <geogname>United States</geogname>, Stamps to "Boycott Hitler not Germany" depicting a Jewish star, dog and gate</unittitle><container type="Folder" label="Mixed materials">Binder P</container><container type="Page">30</container><unitdate>1936</unitdate></did><scopecontent audience="internal"><p>lbr_fp_s30a_1r.tif; lbr_fp_s30a_1v.tif; lbr_fp_s30b_1r.tif; lbr_fp_s30b_1v.tif</p></scopecontent></c03>
<c03 level="file"><did><unittitle><persname>Urich, J.</persname> <geogname>Unknown</geogname></unittitle><container type="Drawer" label="Mixed materials">Montefiore</container><container type="Folder">33</container><unitdate>1890</unitdate></did><scopecontent audience="internal"><p>doc_mnt_33_1r.tif; doc_mnt_33_1v.tif</p></scopecontent></c03>
<c03 level="file"><did><unittitle><persname>Whitlock, Phillip</persname>. <geogname>Richmond, VA</geogname></unittitle><container type="Drawer" label="Mixed materials">Judaica Americana</container><container type="Folder">VA 683</container><unitdate>1891</unitdate></did><scopecontent audience="internal"><p>doc_ja_va_683_1r.tif; doc_ja_va_683_1v.tif</p></scopecontent></c03>
<c03 level="file"><did><unittitle><persname>Whitlock, Phillip</persname>. <geogname>Richmond, VA</geogname></unittitle><container type="Drawer" label="Mixed materials">Judaica Americana</container><container type="Folder">VA 683-710</container><unitdate>1891</unitdate></did><scopecontent audience="internal"><p>doc_ja_va_683-710_1r.tif; doc_ja_va_683-710_1v.tif</p></scopecontent></c03>
<c03 level="file"><did><unittitle><corpname>Young Men's Hebrew Association</corpname>. <geogname>Syracuse, NY</geogname>, Convention silk ribbon for the Young Men's Hebrew Association of Syracuse, New York</unittitle><container type="Drawer" label="Mixed materials">Judaica Americana</container><container type="Folder">NY 411</container><unitdate>1900</unitdate></did><scopecontent audience="internal"><p>doc_ja_ny_411_1r.tif; doc_ja_ny_411_1v.tif</p></scopecontent></c03></c02>
<c02 level="subseries"><did><unittitle>Trade cards</unittitle></did>
<c03 level="file"><did><unittitle><persname>Block, Jake</persname>. <geogname>Las Vegas, NM</geogname>, Advertisement for clothier</unittitle><container type="Box" label="Mixed materials">4</container><container type="Object">1g</container><unitdate>1885</unitdate></did><scopecontent audience="internal"><p>bx4_1g_1r.tif; bx4_1g_1v.tif</p></scopecontent></c03>
<c03 level="file"><did><unittitle><corpname>Davis, Deupree &amp; Co.</corpname> <geogname>Richmond, VA</geogname>, Advertisement for the sale of negroes</unittitle><container type="Drawer" label="Mixed materials">Judaica Americana</container><container type="Folder">VA 650</container><unitdate>1855</unitdate></did><scopecontent audience="internal"><p>doc_ja_va_650_1r.tif; doc_ja_va_650_1v.tif</p></scopecontent></c03>
<c03 level="file"><did><unittitle><corpname>Geo. Oliver &amp; Co.</corpname> <geogname>New York, NY</geogname>, Advertisement listing Hebrew holidays</unittitle><container type="Folder" label="Mixed materials">Binder L</container><container type="Page">19d</container><unitdate>1910</unitdate></did><scopecontent audience="internal"><p>lbr_fl_s19d_1r.tif; lbr_fl_s19d_1v.tif; lbr_fl_s19d_2rjpg; lbr_fl_s19d_2v.tif</p></scopecontent></c03>
<c03 level="file"><did><unittitle><corpname>Gerson's</corpname>. <geogname>Philadelphia, PA</geogname>, Advertisement for milliner</unittitle><container type="Box" label="Mixed materials">4</container><container type="Object">11</container><unitdate>1885</unitdate></did><scopecontent audience="internal"><p>bx4_11_1r.tif; bx4_11_1v.tif</p></scopecontent></c03>
<c03 level="file"><did><unittitle><corpname>I. N. Carvalho &amp;Co.</corpname> <geogname>Philadelphia, PA</geogname>, Advertisement for cigar store</unittitle><container type="Box" label="Mixed materials">4</container><container type="Object">1i</container><unitdate>1885</unitdate></did><scopecontent audience="internal"><p>bx4_1i_1r.tif; bx4_1i_1v.tif; bx4_1i_a.tif; bx4_1i_b.tif</p></scopecontent></c03>
<c03 level="file"><did><unittitle><corpname>J. M. Neuburger</corpname>. <geogname>La Porte, IN</geogname></unittitle><container type="Drawer" label="Mixed materials">Judaica Americana</container><container type="Folder">NJ 374</container><unitdate>1863</unitdate></did></c03>
<c03 level="file"><did><unittitle><corpname>J. M. Neuburger</corpname>. <geogname>La Porte, IN</geogname></unittitle><container type="Drawer" label="Mixed materials">Judaica Americana</container><container type="Folder">GA 69</container><unitdate>1863</unitdate></did></c03>
<c03 level="file"><did><unittitle><corpname>J. M. Neuburger</corpname>. <geogname>La Porte, IN</geogname></unittitle><container type="Drawer" label="Mixed materials">Judaica Americana</container><container type="Folder">OH 422</container><unitdate>1863</unitdate></did></c03>
<c03 level="file"><did><unittitle><corpname>J. Stern &amp;Sons</corpname>. <geogname>Quincy, IL</geogname>, Advertisement for clothier</unittitle><container type="Box" label="Mixed materials">4</container><container type="Object">1a</container><unitdate>1885</unitdate></did><scopecontent audience="internal"><p>bx4_1a_1r.tif; bx4_1a_1v.tif</p></scopecontent></c03>
<c03 level="file"><did><unittitle><corpname>J. Stern &amp;Sons</corpname>. <geogname>Quincy, IL</geogname>, Advertisement for clothier</unittitle><container type="Box" label="Mixed materials">4</container><container type="Object">1b</container><unitdate>1885</unitdate></did><scopecontent audience="internal"><p>bx4_1b_1r.tif; bx4_1b_1v.tif</p></scopecontent></c03>
<c03 level="file"><did><unittitle><corpname>J. Stern &amp;Sons</corpname>. <geogname>Quincy, IL</geogname>, Advertisement for clothier</unittitle><container type="Box" label="Mixed materials">4</container><container type="Object">1c</container><unitdate>1885</unitdate></did><scopecontent audience="internal"><p>bx4_1c_1r.tif; bx4_1c_1v.tif</p></scopecontent></c03>
<c03 level="file"><did><unittitle><persname>Kaufmann</persname>. <geogname>Pittsburgh, PA</geogname>, Advertisment for clothier</unittitle><container type="Box" label="Mixed materials">4</container><container type="Object">2</container><unitdate>1885</unitdate></did><scopecontent audience="internal"><p>bx4_2_1r.tif; bx4_2_1v.tif</p></scopecontent></c03>
<c03 level="file"><did><unittitle><corpname>Kaufmans</corpname>. <geogname>Pittsburgh, PA</geogname>, Advertisement for milliner</unittitle><container type="Box" label="Mixed materials">4</container><container type="Object">1l</container><unitdate>1893</unitdate></did><scopecontent audience="internal"><p>bx4_1l_1r.tif; bx4_1l_1v.tif</p></scopecontent></c03>
<c03 level="file"><did><unittitle><persname>Levy, H. H.</persname> <geogname>Quincy, IL</geogname>, Advertisement for fur merchant</unittitle><container type="Box" label="Mixed materials">4</container><container type="Object">1d</container><unitdate>1885</unitdate></did><scopecontent audience="internal"><p>bx4_1d_1r.tif; bx4_1d_1v.tif</p></scopecontent></c03>
<c03 level="file"><did><unittitle><corpname>O. V. Handy &amp; Bros</corpname>. <geogname>Philadelphia, PA</geogname></unittitle><container type="Drawer" label="Mixed materials">Billhead Post-1880</container><container type="Folder">PHIL 779</container><unitdate>1916</unitdate></did><scopecontent audience="internal"><p>doc_bhl_phil_779_1r.tif; doc_bhl_phil_779_1v.tif</p></scopecontent></c03>
<c03 level="file"><did><unittitle><corpname>Powell &amp;Goldstein</corpname>. <geogname>Oneida, NY</geogname>, Advertisement for cigar store</unittitle><container type="Box" label="Mixed materials">4</container><container type="Object">1h</container><unitdate>1885</unitdate></did><scopecontent audience="internal"><p>bx4_1h_1r.tif; bx4_1h_1v.tif; bx4_1h_a.tif; bx4_1h_b.tif</p></scopecontent></c03>
<c03 level="file"><did><unittitle><corpname>S. Brill &amp;Co.</corpname> <geogname>New York, NY</geogname></unittitle><container type="Box" label="Mixed materials">9</container><container type="Object">6m</container><unitdate>1885</unitdate></did><scopecontent audience="internal"><p>bx9_6m_1r.tif; bx9_6m_1v.tif</p></scopecontent></c03>
<c03 level="file"><did><unittitle><corpname>S. W. Schloss</corpname>. <geogname>Wilkes-Barre, PA</geogname>, Advertisement for home goods store</unittitle><container type="Box" label="Mixed materials">4</container><container type="Object">1e</container><unitdate>1885</unitdate></did><scopecontent audience="internal"><p>bx4_1e_1r.tif; bx4_1e_1v.tif</p></scopecontent></c03>
<c03 level="file"><did><unittitle><corpname>Samuel Cohn &amp;Bro.</corpname> <geogname>New York, NY</geogname>, Advertisment for shoe store</unittitle><container type="Box" label="Mixed materials">4</container><container type="Object">1f</container><unitdate>1885</unitdate></did><scopecontent audience="internal"><p>bx4_1f_1r_a.tif; bx4_1f_1r_b.tif; bx4_1f_1r_c.tif; bx4_1f_1r_d.tif; bx4_1f_1r_e.tif; bx4_1f_1v.tif</p></scopecontent></c03></c02></collection>


</dsc>
