﻿<?xml version="1.0" encoding="UTF-8" standalone="yes"?>
<ead xsi:schemaLocation="urn:isbn:1-931666-22-9 http://www.loc.gov/ead/ead.xsd" xmlns:xsi="http://www.w3.org/2001/XMLSchema-instance" xmlns:ns2="http://www.w3.org/1999/xlink" xmlns="urn:isbn:1-931666-22-9">
<eadheader repositoryencoding="iso15511" countryencoding="iso3166-1" dateencoding="iso8601" langencoding="iso639-2b">
<eadid></eadid>
<filedesc>
<titlestmt>
<titleproper>
<num>1111.Photos_Nolocremoved</num>
</titleproper>
</titlestmt>
<publicationstmt>
<publisher>Archivists' Toolkit</publisher>
</publicationstmt>
</filedesc>
<profiledesc>
<langusage>English</langusage>
</profiledesc>
</eadheader>
<archdesc level="collection">
<did>
<unittitle>Import of Photos_Nolocremoved</unittitle>
<unitid>1111.Photos_Nolocremoved</unitid>
<repository>
<corpname>Archivists' Toolkit</corpname>
</repository>
<langmaterial>
<language langcode="eng"/>
</langmaterial>
<physdesc>
<extent>12345 Linear feet</extent>
</physdesc>
<unitdate>1999</unitdate>
</did>

<dsc>

<c01 level="series"><did><unittitle>Photographic images</unittitle></did>
<c02 level="subseries"><did><unittitle>Cartes-de-visite</unittitle></did>
<c03 level="file"><did><unittitle><persname>Abrahams, Mary</persname>. <geogname>Philadelphia, PA</geogname>, Mary Abrahams (Mrs. Berg): Daughter of Harriette DeYoung by Wenderroth and Taylor</unittitle><container type="Folder" label="Mixed materials">Binder Q</container><container type="Page">4</container><unitdate>1875</unitdate></did><scopecontent audience="internal"><p>lbr_fq_s4_3r.tif; lbr_fq_s4_3v.tif</p></scopecontent></c03>
<c03 level="file"><did><unittitle><persname>Beilmer, Mr.</persname> <geogname>New York, NY</geogname>, Card-de-visite, with full ad on back for Bogardus</unittitle><container type="Folder" label="Mixed materials">Binder Q</container><container type="Page">3</container><unitdate>1875</unitdate></did><scopecontent audience="internal"><p>lbr_fq_s3_4r.tif; lbr_fq_s3_4v.tif</p></scopecontent></c03>
<c03 level="file"><did><unittitle><persname>Beilmer, Mrs.</persname> <geogname>New York, NY</geogname>, Card-de-visite, with full ad on back for Bogardus and Bendann Brothers</unittitle><container type="Folder" label="Mixed materials">Binder Q</container><container type="Page">2</container><unitdate>1875</unitdate></did><scopecontent audience="internal"><p>lbr_fq_s2_1r.tif; lbr_fq_s2_1v.tif</p></scopecontent></c03>
<c03 level="file"><did><unittitle><persname>Benjamin, Judah P.</persname> <geogname>London, England</geogname>, Photograph of Judah Benjamin in barrister's wig and robes</unittitle><container type="Drawer" label="Mixed materials">Judah Benjamin</container><container type="Folder">37</container><unitdate>undated</unitdate></did><scopecontent audience="internal"><p>doc_jb_37_1r.tif; doc_jb_37_1v.tif</p></scopecontent></c03>
<c03 level="file"><did><unittitle><persname>Benjamin, Judah P.</persname> <geogname>United States</geogname>, Carte-de-visite, taken from life and very scarce</unittitle><container type="Drawer" label="Mixed materials">Judah Benjamin</container><container type="Folder">35</container><unitdate>1860</unitdate></did><scopecontent audience="internal"><p>doc_jb_35_1r.tif; doc_jb_35_1v.tif</p></scopecontent></c03>
<c03 level="file"><did><unittitle><persname>Carvalho, David Nunes</persname>. <geogname>Baltimore, MD</geogname>, Full bust and signed photo of David Nunes Carvalho (1849.1925) taken by the Jewish photographer Bendann Brothers in Baltimore, Maryland</unittitle><container type="Drawer" label="Mixed materials">Judaica Americana</container><container type="Folder">MD 168MD 168</container><unitdate>1875</unitdate></did><scopecontent audience="internal"><p>doc_ja_md_168_1r.tif; doc_ja_md_168_1v.tif</p></scopecontent></c03>
<c03 level="file"><did><unittitle><persname>Carvalho, Solomon Nunes</persname>. <geogname>Baltimore, MD</geogname>, Three quarter view carte-de-visite of S.N. Carvalho in his later years done by Bendann Brothers</unittitle><container type="Drawer" label="Mixed materials">Judaica Americana</container><container type="Folder">NYC 763</container><unitdate>1860</unitdate></did><scopecontent audience="internal"><p>doc_ja_nyc_763_1r.tif; doc_ja_nyc_763_1v.tif</p></scopecontent></c03>
<c03 level="file"><did><unittitle><persname>Cohen, Morris</persname>. <geogname>New York, NY</geogname>, Carte-de-visite of Morris J. Cohen and Frank E. Polk with their dogs</unittitle><container type="Drawer" label="Mixed materials">Judaica Americana</container><container type="Folder">NYC 765</container><unitdate>1897</unitdate></did><scopecontent audience="internal"><p>doc_ja_nyc_765_1r.tif; doc_ja_nyc_765_1v.tif</p></scopecontent></c03>
<c03 level="file"><did><unittitle><persname>Damrosch, Leopold</persname>. <geogname>New York, NY</geogname>, Bust view carte-de-visite of Leopold Damrosch (1832-1885). The image was taken by Falk</unittitle><container type="Drawer" label="Mixed materials">Judaica Americana</container><container type="Folder">NYC 801</container><unitdate>1880</unitdate></did><scopecontent audience="internal"><p>doc_ja_nyc_801_1r.tif; doc_ja_nyc_801_1v.tif</p></scopecontent></c03>
<c03 level="file"><did><unittitle><persname>De Sola, Abraham</persname>. <geogname>Montreal, Canada</geogname>, Full bust carte-de-visite of Abraham De Sola in robes</unittitle><container type="Drawer" label="Mixed materials">International</container><container type="Folder">8</container><unitdate>1875</unitdate></did><scopecontent audience="internal"><p>doc_in_8_1r.tif; doc_in_8_1v.tif</p></scopecontent></c03>
<c03 level="file"><did><unittitle><persname>Deyoung, Brena</persname>. <geogname>Philadelphia, PA</geogname>, Carte-de-visite of Mrs. Samuel R. Hunter, by Wenderroth and Taylor</unittitle><container type="Folder" label="Mixed materials">Binder Q</container><container type="Page">4</container><unitdate>1875</unitdate></did><scopecontent audience="internal"><p>lbr_fq_s4_8r.tif; lbr_fq_s4_8v.tif</p></scopecontent></c03>
<c03 level="file"><did><unittitle><persname>Deyoung, Esther</persname>. <geogname>Philadelphia, PA</geogname>, Carte-de-visite of Esther Deyoung by Broadbent</unittitle><container type="Folder" label="Mixed materials">Binder Q</container><container type="Page">6</container><unitdate>1875</unitdate></did><scopecontent audience="internal"><p>lbr_fq_s6_1r.tif; lbr_fq_s6_1v.tif</p></scopecontent></c03>
<c03 level="file"><did><unittitle><persname>Deyoung, Mary Ann</persname>. <geogname>Philadelphia, PA</geogname>, Carte-de-visite of Mrs. Oppenheimer, grand daughter of Isaac Deyoung, by Broadbent</unittitle><container type="Folder" label="Mixed materials">Binder Q</container><container type="Page">6</container><unitdate>1875</unitdate></did><scopecontent audience="internal"><p>lbr_fq_s6_2r.tif; lbr_fq_s6_2v.tif</p></scopecontent></c03>
<c03 level="file"><did><unittitle><persname>Deyoung, Sophia</persname>. <geogname>Philadelphia, PA</geogname>, Carte-de-visite of Mrs. Hecht by Broadbent</unittitle><container type="Folder" label="Mixed materials">Binder Q</container><container type="Page">5</container><unitdate>1875</unitdate></did><scopecontent audience="internal"><p>lbr_fq_s5_2r.tif; lbr_fq_s5_2v.tif</p></scopecontent></c03>
<c03 level="file"><did><unittitle><persname>Durkheim</persname>. <geogname>Philadelphia, PA</geogname></unittitle><container type="Drawer" label="Mixed materials">Judaica Americana</container><container type="Folder">PHIL 152</container><unitdate>1878</unitdate></did><scopecontent audience="internal"><p>doc_ja_phil_152_1r.tif; doc_ja_phil_152_1v.tif</p></scopecontent></c03>
<c03 level="file"><did><unittitle><persname>Ellis, Mrs.</persname> <geogname>Philadelphia, PA</geogname>, Carte-de-visite with ad on back for F. Gutekunst</unittitle><container type="Folder" label="Mixed materials">Binder Q</container><container type="Page">2</container><unitdate>1875</unitdate></did><scopecontent audience="internal"><p>lbr_fq_s2_2r.tif; lbr_fq_s2_2v.tif</p></scopecontent></c03>
<c03 level="file"><did><unittitle><persname>Etting, Samuel</persname>. <geogname>Baltimore, MD</geogname>, Carte-de-visite of Samuel Etting, full seated image, by the Bendann Brothers</unittitle><container type="Drawer" label="Mixed materials">Judaica Americana</container><container type="Folder">MD 215</container><unitdate>1859</unitdate></did><scopecontent audience="internal"><p>doc_ja_md_215_1r.tif; doc_ja_md_215_1r_a.tif; doc_ja_md_215_1v.tif</p></scopecontent></c03>
<c03 level="file"><did><unittitle><persname>Frank, Henry M.</persname> <geogname>Philadelphia, PA</geogname>, Carte-de-visite of Henry M. Frank with full ad on back for F. Gutekunst</unittitle><container type="Folder" label="Mixed materials">Binder Q</container><container type="Page">3</container><unitdate>1875</unitdate></did><scopecontent audience="internal"><p>lbr_fq_s3_3r.tif; lbr_fq_s3_3v.tif</p></scopecontent></c03>
<c03 level="file"><did><unittitle><persname>Goldman, Mrs.</persname> <geogname>Philadelphia, PA</geogname>, Carte-de-visite of Mrs. Goldman with full ad on back for F. Gutekunst</unittitle><container type="Folder" label="Mixed materials">Binder Q</container><container type="Page">3</container><unitdate>1875</unitdate></did><scopecontent audience="internal"><p>lbr_fq_s3_1r.tif; lbr_fq_s3_1v.tif</p></scopecontent></c03>
<c03 level="file"><did><unittitle><persname>Greenewald, Joseph</persname>. <geogname>Unknown</geogname>, Carte-de-visite of Joseph Greenewald</unittitle><container type="Folder" label="Mixed materials">Binder Q</container><container type="Page">1</container><unitdate>1875</unitdate></did><scopecontent audience="internal"><p>lbr_fq_s1_2r.tif; lbr_fq_s1_2v.tif</p></scopecontent></c03>
<c03 level="file"><did><unittitle><persname>Hart, A. N.</persname> <geogname>Philadelphia, PA</geogname>, Illustration of Anacamegishca, a Chippeway chief</unittitle><container type="Drawer" label="Mixed materials">Judaica Americana</container><container type="Folder">PHIL 79</container><unitdate>1850</unitdate></did><scopecontent audience="internal"><p>doc_ja_phil_79_1r.tif; doc_ja_phil_79_1v.tif</p></scopecontent></c03>
<c03 level="file"><did><unittitle><persname>Hart, A. N.</persname> <geogname>Philadelphia, PA</geogname>, Illustration of David Vann, a Cherokee chief</unittitle><container type="Drawer" label="Mixed materials">Judaica Americana</container><container type="Folder">PHIL 78</container><unitdate>1850</unitdate></did><scopecontent audience="internal"><p>doc_ja_phil_78_1r.tif; doc_ja_phil_78_1v.tif</p></scopecontent></c03>
<c03 level="file"><did><unittitle><persname>Hart, A. N.</persname> <geogname>Philadelphia, PA</geogname>, Illustration of Katawabeda, a Chippeway chief</unittitle><container type="Drawer" label="Mixed materials">Judaica Americana</container><container type="Folder">PHIL 82</container><unitdate>1850</unitdate></did><scopecontent audience="internal"><p>doc_ja_phil_82_1r.tif; doc_ja_phil_82_1v.tif</p></scopecontent></c03>
<c03 level="file"><did><unittitle><persname>Hart, A. N.</persname> <geogname>Philadelphia, PA</geogname>, Illustration of Meta-Koosega, a Chippeway warrior</unittitle><container type="Drawer" label="Mixed materials">Judaica Americana</container><container type="Folder">PHIL 77</container><unitdate>1850</unitdate></did><scopecontent audience="internal"><p>doc_ja_phil_77_1r.tif; doc_ja_phil_77_1v.tif</p></scopecontent></c03>
<c03 level="file"><did><unittitle><persname>Hart, A. N.</persname> <geogname>Philadelphia, PA</geogname>, Illustration of Pocahontas</unittitle><container type="Drawer" label="Mixed materials">Judaica Americana</container><container type="Folder">PHIL 76</container><unitdate>1850</unitdate></did><scopecontent audience="internal"><p>doc_ja_phil_76_1r.tif; doc_ja_phil_76_1v.tif</p></scopecontent></c03>
<c03 level="file"><did><unittitle><persname>Hart, A. N.</persname> <geogname>Philadelphia, PA</geogname>, Illustration of Wasbishkeepnas</unittitle><container type="Drawer" label="Mixed materials">Judaica Americana</container><container type="Folder">PHIL 80</container><unitdate>1850</unitdate></did><scopecontent audience="internal"><p>doc_ja_phil_80_1r.tif; doc_ja_phil_80_1v.tif</p></scopecontent></c03>
<c03 level="file"><did><unittitle><persname>Hart, A. N.</persname> <geogname>Philadelphia, PA</geogname>, Illustration of Young Mahaskah, an Ioway chief</unittitle><container type="Drawer" label="Mixed materials">Judaica Americana</container><container type="Folder">PHIL 81</container><unitdate>1850</unitdate></did><scopecontent audience="internal"><p>doc_ja_phil_81_1r.tif; doc_ja_phil_81_1v.tif</p></scopecontent></c03>
<c03 level="file"><did><unittitle><persname>Hart, A. N.</persname> <geogname>Philadelphia, PA</geogname>, Illustration of Young Mahaskah, an Ioway chief</unittitle><container type="Drawer" label="Mixed materials">Judaica Americana</container><container type="Folder">PHIL 83</container><unitdate>1850</unitdate></did><scopecontent audience="internal"><p>doc_ja_phil_83_1r.tif; doc_ja_phil_83_1v.tif</p></scopecontent></c03>
<c03 level="file"><did><unittitle><persname>Hart, Abraham</persname>. <geogname>Philadelphia, PA</geogname>, Carte-de-visite of Philadelphia publisher and Hebrew leader Abraham Hart (1810-1885), inscribed and signed to his friend and fellow publisher J. B. Lippincott. The photographer's backmark is F. Gutekunst, Philadelphia</unittitle><container type="Drawer" label="Mixed materials">Judaica Americana</container><container type="Folder">PHIL 73</container><unitdate>1860</unitdate></did><scopecontent audience="internal"><p>doc_ja_phil_73_1r.tif; doc_ja_phil_73_1v.tif</p></scopecontent></c03>
<c03 level="file"><did><unittitle><persname>Henriques, Madeline</persname>. <geogname>New York, NY</geogname>, Carte-de-visite of Madeline Henriques in full sitting view by Brady's</unittitle><container type="Drawer" label="Mixed materials">Judaica Americana</container><container type="Folder">NYC 885</container><unitdate>1864</unitdate></did><scopecontent audience="internal"><p>doc_ja_nyc_885_1r.tif; doc_ja_nyc_885_1v.tif</p></scopecontent></c03>
<c03 level="file"><did><unittitle><persname>Henriques, Madeline</persname>. <geogname>New York, NY</geogname>, Carte-de-visite of Madeline Henriques in full sitting view by Gurney</unittitle><container type="Drawer" label="Mixed materials">Judaica Americana</container><container type="Folder">NYC 834</container><unitdate>1875</unitdate></did><scopecontent audience="internal"><p>doc_ja_nyc_834_1r.tif; doc_ja_nyc_834_1v.tif</p></scopecontent></c03>
<c03 level="file"><did><unittitle><corpname>Israel &amp; Co.</corpname> <geogname>Baltimore, MD</geogname>, Carte-de-visite of 1st Lt. Henry Tyler, 187th NY Vol., with full ad on back for Israel and Co</unittitle><container type="Drawer" label="Mixed materials">Judaica Americana</container><container type="Folder">MD 223</container><unitdate>1860</unitdate></did><scopecontent audience="internal"><p>doc_ja_md_223_1r.tif; doc_ja_md_223_1v.tif</p></scopecontent></c03>
<c03 level="file"><did><unittitle><corpname>Israel &amp; Co.</corpname> <geogname>Baltimore, MD</geogname>, Carte-de-visite of a woman standing, with full ad on back for Israel and Co</unittitle><container type="Folder" label="Mixed materials">Binder Q</container><container type="Page">1</container><unitdate>1875</unitdate></did><scopecontent audience="internal"><p>lbr_fq_s1_4r.tif; lbr_fq_s1_4v.tif</p></scopecontent></c03>
<c03 level="file"><did><unittitle><persname>Jacobs, Edward</persname> and <persname>Moses, Gustave</persname>. <geogname>New Orleans, LA</geogname>, Carte-de-visite of a gentleman with a full ad on the back for Moses and Piffet, sucessors to E. Jacobs</unittitle><container type="Drawer" label="Mixed materials">Judaica Americana</container><container type="Folder">LA 137</container><unitdate>1865</unitdate></did><scopecontent audience="internal"><p>doc_ja_la_137_1r.tif; doc_ja_la_137_1v.tif</p></scopecontent></c03>
<c03 level="file"><did><unittitle><persname>Klauber, Edward</persname>. <geogname>Louisville, KY</geogname>, Carte de visite of unknown woman, with an ad on the back for Edward Klauber</unittitle><container type="Folder" label="Mixed materials">Binder Q</container><container type="Page">1</container><unitdate>1880</unitdate></did><scopecontent audience="internal"><p>lbr_fq_s1_3r.tif; lbr_fq_s1_3v.tif</p></scopecontent></c03>
<c03 level="file"><did><unittitle><persname>Kohn, Bess</persname>. <geogname>Philadelphia, PA</geogname>, Carte de visite of Bess Kohn with full ad on back for F. Gutekunst</unittitle><container type="Folder" label="Mixed materials">Binder Q</container><container type="Page">2</container><unitdate>1875</unitdate></did><scopecontent audience="internal"><p>lbr_fq_s2_4r.tif; lbr_fq_s2_4v.tif</p></scopecontent></c03>
<c03 level="file"><did><unittitle><persname>Levey, Florence</persname>. <geogname>Boston, MA</geogname>, Cabinet size carte-de-visite of Florence Levey, published by London Gaiety Co</unittitle><container type="Drawer" label="Mixed materials">Judaica Americana</container><container type="Folder">NYC 733</container><unitdate>1875</unitdate></did><scopecontent audience="internal"><p>doc_ja_nyc_733_1r.tif; doc_ja_nyc_733_1v.tif</p></scopecontent></c03>
<c03 level="file"><did><unittitle><corpname>Levy and Cohen</corpname>. <geogname>Philadelphia, PA</geogname>, A carte-de-visite bust of Confederate General "Baldy" Dick Ewell, by Levy and Cohen, landscape photographers</unittitle><container type="Drawer" label="Mixed materials">Civil War</container><container type="Folder">25</container><unitdate>1865</unitdate></did><scopecontent audience="internal"><p>doc_cw_25_1r.tif; doc_cw_25_1v.tif</p></scopecontent></c03>
<c03 level="file"><did><unittitle><corpname>Levy and Cohen</corpname>. <geogname>Philadelphia, PA</geogname>, A carte-de-visite of the burnt district of Richmond, Virginia from a series entitled "Views of the Rebel Capital and its Environs", by Levy and Cohen</unittitle><container type="Drawer" label="Mixed materials">Civil War</container><container type="Folder">23</container><unitdate>1865</unitdate></did><scopecontent audience="internal"><p>doc_cw_23_1r.tif; doc_cw_23_1v.tif</p></scopecontent></c03>
<c03 level="file"><did><unittitle><corpname>Levy and Cohen</corpname>. <geogname>Philadelphia, PA</geogname>, A carte-de-visite of the Confederate Treasury Building from a series entitled "Views of the Rebel Capital and its Environs", by Levy and Cohen</unittitle><container type="Drawer" label="Mixed materials">Civil War</container><container type="Folder">24</container><unitdate>1865</unitdate></did><scopecontent audience="internal"><p>doc_cw_24_1r.tif; doc_cw_24_1v.tif</p></scopecontent></c03>
<c03 level="file"><did><unittitle><corpname>Levy and Cohen</corpname>. <geogname>Philadelphia, PA</geogname>, A carte-de-visite of the Confederate Treasury Building from a series entitled "Views of the Rebel Capital and its Environs", by Levy and Cohen</unittitle><container type="Drawer" label="Mixed materials">Civil War</container><container type="Folder">21</container><unitdate>1865</unitdate></did><scopecontent audience="internal"><p>doc_cw_21_1r.tif; doc_cw_21_1v.tif</p></scopecontent></c03>
<c03 level="file"><did><unittitle><corpname>Levy and Cohen</corpname>. <geogname>Philadelphia, PA</geogname>, A carte-de-visite of the executive mansion in Richmond, Virginia by Levy and Cohen</unittitle><container type="Drawer" label="Mixed materials">Civil War</container><container type="Folder">26</container><unitdate>1865</unitdate></did><scopecontent audience="internal"><p>doc_cw_26_1r.tif; doc_cw_26_1v.tif</p></scopecontent></c03>
<c03 level="file"><did><unittitle><corpname>Levy and Cohen</corpname>. <geogname>Philadelphia, PA</geogname>, A carte-de-visite of the ruins of Galego Flour Mills from a series entitled "Views of the Rebel Capital and its Environs", by Levy and Cohen</unittitle><container type="Drawer" label="Mixed materials">Civil War</container><container type="Folder">22</container><unitdate>1865</unitdate></did><scopecontent audience="internal"><p>doc_cw_22_1r.tif; doc_cw_22_1v.tif</p></scopecontent></c03>
<c03 level="file"><did><unittitle><corpname>Levy and Cohen</corpname>. <geogname>Philadelphia, PA</geogname>, A carte-de-visite of the ruins of Richmond from a series entitled "Views of the Rebel Capital and its Environs", by Levy and Cohen</unittitle><container type="Drawer" label="Mixed materials">Civil War</container><container type="Folder">20</container><unitdate>1865</unitdate></did><scopecontent audience="internal"><p>doc_cw_20_1r.tif; doc_cw_20_1v.tif</p></scopecontent></c03>
<c03 level="file"><did><unittitle><corpname>Levy and Cohen</corpname>. <geogname>Philadelphia, PA</geogname>, A carte-de-visite of the ruins of Richmond from a series entitled "Views of the Rebel Capital and its Environs", by Levy and Cohen</unittitle><container type="Drawer" label="Mixed materials">Civil War</container><container type="Folder">27</container><unitdate>1865</unitdate></did><scopecontent audience="internal"><p>doc_cw_27_1r.tif; doc_cw_27_1v.tif</p></scopecontent></c03>
<c03 level="file"><did><unittitle><corpname>Levy and Cohen</corpname>. <geogname>Philadelphia, PA</geogname>, A carte-de-visite of the ruins of Richmond from a series entitled "Views of the Rebel Capital and its Environs", by Levy and Cohen</unittitle><container type="Drawer" label="Mixed materials">Civil War</container><container type="Folder">28</container><unitdate>1865</unitdate></did><scopecontent audience="internal"><p>doc_cw_28_1r.tif; doc_cw_28_1v.tif</p></scopecontent></c03>
<c03 level="file"><did><unittitle><corpname>Levy and Cohen</corpname>. <geogname>Philadelphia, PA</geogname>, A carte-de-visite of the ruins of Richmond from a series entitled "Views of the Rebel Capital and its Environs", by Levy and Cohen</unittitle><container type="Drawer" label="Mixed materials">Civil War</container><container type="Folder">29</container><unitdate>1865</unitdate></did><scopecontent audience="internal"><p>doc_cw_29_1r.tif; doc_cw_29_1v.tif</p></scopecontent></c03>
<c03 level="file"><did><unittitle><persname>Levy, C.</persname> <geogname>Richmond, VA</geogname>, Carte-de-visite of Libby Prison, Richmond, Virginia,entered according to the act of Congress in the year 1863, by C. Levy, Eastern district of Pennsylvania</unittitle><container type="Drawer" label="Mixed materials">Judaica Americana</container><container type="Folder">PHIL 138</container><unitdate>1863</unitdate></did><scopecontent audience="internal"><p>doc_ja_phil_138_1r.tif; doc_ja_phil_138_1v.tif</p></scopecontent></c03>
<c03 level="file"><did><unittitle><persname>Levy, C.</persname> <geogname>Richmond, VA</geogname>, Carte-de-visite of Libby Prison, Richmond, Virginia,entered according to the act of Congress in the year 1863, by C. Levy, Eastern district of Pennsylvania</unittitle><container type="Drawer" label="Mixed materials">Judaica Americana</container><container type="Folder">PHIL 139</container><unitdate>1863</unitdate></did><scopecontent audience="internal"><p>doc_ja_phil_139_1r.tif; doc_ja_phil_139_1v.tif</p></scopecontent></c03>
<c03 level="file"><did><unittitle><persname>Levy, Phoebe Yates Pember</persname>. <geogname>Boston, MA</geogname>, This is an unlisted carte-de-visite of Phoebe Yates Pember Levy (1823-1913). She was the daughter of Jacob Clauvius Cohen in Charleston, South Carolina and was considered one of the heroines of the Confederacy. She was a matron of Chimborazo Hospital in besieged Richmond and went on to write "A Southern Woman's Story," published in 1879</unittitle><container type="Drawer" label="Mixed materials">Judaica Americana</container><container type="Folder">VA 657</container><unitdate>1861</unitdate></did><scopecontent audience="internal"><p>doc_ja_va_657_1r.tif; doc_ja_va_657_1v.tif</p></scopecontent></c03>
<c03 level="file"><did><unittitle><persname>Levy</persname>. <geogname>Pueblo, CO</geogname>, Carte-de-visite of a young man with a handle bar moustache and a woman, inscribed "Levy, Pueblo, Colorado."</unittitle><container type="Drawer" label="Mixed materials">Judaica Americana</container><container type="Folder">CO 21</container><unitdate>1890</unitdate></did><scopecontent audience="internal"><p>doc_ja_co_21_1r.tif; doc_ja_co_21_1v.tif</p></scopecontent></c03>
<c03 level="file"><did><unittitle><persname>Liebman, Blanche H.</persname> <geogname>Philadelphia, PA</geogname>, Carte-de-visite of Blanche H. Liebman by Schreiber and Son</unittitle><container type="Folder" label="Mixed materials">Binder Q</container><container type="Page">5</container><unitdate>1875</unitdate></did><scopecontent audience="internal"><p>lbr_fq_s5_1r.tif; lbr_fq_s5_1v.tif</p></scopecontent></c03>
<c03 level="file"><did><unittitle><persname>Liebman, Jacob</persname>. <geogname>Philadelphia, PA</geogname>, Carte-de-visite of Jacob Liebman, father of L. Liebman</unittitle><container type="Folder" label="Mixed materials">Binder Q</container><container type="Page">6</container><unitdate>1860</unitdate></did><scopecontent audience="internal"><p>lbr_fq_s6_4r.tif; lbr_fq_s6_4v.tif</p></scopecontent></c03>
<c03 level="file"><did><unittitle><persname>Liebman, Marie Bechtel</persname>. <geogname>Philadelphia, PA</geogname></unittitle><container type="Folder" label="Mixed materials">Binder Q</container><container type="Page">6</container><unitdate>1875</unitdate></did><scopecontent audience="internal"><p>lbr_fq_s6_3r.tif; lbr_fq_s6_3v.tif</p></scopecontent></c03>
<c03 level="file"><did><unittitle><persname>Liebman, Marie Bechtel</persname>. <geogname>Philadelphia, PA</geogname>, Carte-de-visite of Marie B. Liebman, daughter of Harriette Beyoung, by Broadbent</unittitle><container type="Folder" label="Mixed materials">Binder Q</container><container type="Page">4</container><unitdate>1875</unitdate></did><scopecontent audience="internal"><p>lbr_fq_s4_7r.tif; lbr_fq_s4_7v.tif</p></scopecontent></c03>
<c03 level="file"><did><unittitle><persname>Liebman, Marie Bechtel</persname>. <geogname>Philadelphia, PA</geogname>, Carte-de-visite of Marie B. Liebman, daughter of Harriette Beyoung, by F. Gutekunst</unittitle><container type="Folder" label="Mixed materials">Binder Q</container><container type="Page">4</container><unitdate>1875</unitdate></did><scopecontent audience="internal"><p>lbr_fq_s4_6r.tif; lbr_fq_s4_6v.tif</p></scopecontent></c03>
<c03 level="file"><did><unittitle><persname>Liebman, Marie Bechtel</persname>. <geogname>Philadelphia, PA</geogname>, Carte-de-visite of Marie B. Liebman, mother of L. Liebman, by Wenderoth and Taylor</unittitle><container type="Folder" label="Mixed materials">Binder Q</container><container type="Page">4</container><unitdate>1875</unitdate></did><scopecontent audience="internal"><p>lbr_fq_s4_4r.tif; lbr_fq_s4_4v.tif</p></scopecontent></c03>
<c03 level="file"><did><unittitle><persname>Liebman, Marie Bechtel</persname>. <geogname>Philadelphia, PA</geogname>, Carte-de-visite of Marie B. Liebman, mother of L. Liebman, by Wenderoth and Taylor</unittitle><container type="Folder" label="Mixed materials">Binder Q</container><container type="Page">4</container><unitdate>1875</unitdate></did><scopecontent audience="internal"><p>lbr_fq_s4_5r.tif; lbr_fq_s4_5v.tif</p></scopecontent></c03>
<c03 level="file"><did><unittitle><persname>Liebman</persname>. <geogname>Philadelphia, PA</geogname>, Carte-de-visite of Liebman by F. Gutekunst</unittitle><container type="Folder" label="Mixed materials">Binder Q</container><container type="Page">4</container><unitdate>1875</unitdate></did><scopecontent audience="internal"><p>lbr_fq_s4_2r.tif; lbr_fq_s4_2v.tif</p></scopecontent></c03>
<c03 level="file"><did><unittitle><persname>Loeb, John F.</persname> <geogname>Philadelphia, PA</geogname></unittitle><container type="Folder" label="Mixed materials">Binder Q</container><container type="Page">2</container><unitdate>undated</unitdate></did><scopecontent audience="internal"><p>lbr_fq_s2_3r.tif; lbr_fq_s2_3v.tif</p></scopecontent></c03>
<c03 level="file"><did><unittitle><persname>Mendelssohn, Felix</persname>. <geogname></geogname></unittitle><container type="Drawer" label="Mixed materials">Montefiore</container><container type="Folder">23</container><unitdate>undated</unitdate></did><scopecontent audience="internal"><p>doc_mnt_23_1r.tif; doc_mnt_23_1v.tif</p></scopecontent></c03>
<c03 level="file"><did><unittitle><persname>Mendelssohn, Felix</persname>. <geogname>United States</geogname>, Carte-de-visite of Felix Mendelssohn for the series "Portraits of musical celebrities," published by G. D. Russell</unittitle><container type="Drawer" label="Mixed materials">International</container><container type="Folder">22</container><unitdate>1875</unitdate></did><scopecontent audience="internal"><p>doc_in_22_1r.tif; doc_in_22_1v.tif</p></scopecontent></c03>
<c03 level="file"><did><unittitle><persname>Menken, Adah Issacs</persname>. <geogname>United States</geogname>, 1862 carte-de-visite of Asa Isaacs Menken as the French spy, issued and sold by Chas. Fredricks and Co., New York</unittitle><container type="Drawer" label="Mixed materials">Judaica Americana</container><container type="Folder">PHIL 171</container><unitdate>1862</unitdate></did><scopecontent audience="internal"><p>doc_ja_phil_171_1r.tif; doc_ja_phil_171_1v.tif</p></scopecontent></c03>
<c03 level="file"><did><unittitle><persname>Menken, Adah Issacs</persname>. <geogname>United States</geogname>, Carte-de-visite of Ada Isaacs Menken as Mazeppa, by Chas. D. Fredricks</unittitle><container type="Drawer" label="Mixed materials">Judaica Americana</container><container type="Folder">NYC 940</container><unitdate>1863</unitdate></did><scopecontent audience="internal"><p>doc_ja_nyc_940_1r.tif; doc_ja_nyc_940_1v.tif</p></scopecontent></c03>
<c03 level="file"><did><unittitle><persname>Moore, Yetta</persname>. <geogname>New York, NY</geogname>, Carte-de-visite of a child with a full ad on the back for Aschoff and Frick</unittitle><container type="Folder" label="Mixed materials">Binder Q</container><container type="Page">1</container><unitdate>1875</unitdate></did><scopecontent audience="internal"><p>lbr_fq_s1_1r.tif; lbr_fq_s1_1v.tif</p></scopecontent></c03>
<c03 level="file"><did><unittitle><persname>Nones, Henry Benjamin</persname>. <geogname>Albany, NY</geogname>, Carte-de-visite of Captain Henry Benjamin Nones, commander of the cutter "forward" in both the Mexican and Civil War, in full standing view holding a hat in Navy Captain's uniform</unittitle><container type="Drawer" label="Mixed materials">Civil War</container><container type="Folder">57</container><unitdate>1860</unitdate></did><scopecontent audience="internal"><p>doc_cw_57_1r.tif; doc_cw_57_1v.tif</p></scopecontent></c03>
<c03 level="file"><did><unittitle><persname>Oltzn, Solomon</persname>. <geogname>New York, NY</geogname>, Civil War era carte-de-visite with engraving of Mrs. Lincoln and an inscription to Josephine Oltz from her cousin Solomon Oltz. Solomon Oltz served with Company C of the 97th New York Infantry in the Civil War and was killed in June 1864</unittitle><container type="Drawer" label="Mixed materials">Civil War</container><container type="Folder">59</container><unitdate>1864</unitdate></did><scopecontent audience="internal"><p>doc_cw_59_1r.tif; doc_cw_59_1v.tif</p></scopecontent></c03>
<c03 level="file"><did><unittitle><persname>Phillips, Philip</persname>. <geogname>Mobile, AL</geogname>, Carte-de-Visite of Phillip Phillips (1807-1884), an American lawyer and politician, who served as the representative from Alabama in the Democratic party and as secretary of the Reformed Society of Israelites</unittitle><container type="Drawer" label="Mixed materials">Judaica Americana</container><container type="Folder">AL 7</container><unitdate>1860</unitdate></did><scopecontent audience="internal"><p>doc_ja_al_7_1r.tif; doc_ja_al_7_1v.tif</p></scopecontent></c03>
<c03 level="file"><did><unittitle><persname>Rachel</persname>. <geogname></geogname></unittitle><container type="Drawer" label="Mixed materials">Judaica Americana</container><container type="Folder">NYC 731</container><unitdate>undated</unitdate></did><scopecontent audience="internal"><p>doc_ja_nyc_731_1r.tif; doc_ja_nyc_731_1v</p></scopecontent></c03>
<c03 level="file"><did><unittitle><persname>Remenyi, Eduard</persname>. <geogname>New York, NY</geogname>, Carte-de-visite of Eduard Remeny with his violin, solo violinist to Queen Victoria and later to Emperor Francis Joseph. Toured United States in 1880</unittitle><container type="Drawer" label="Mixed materials">Judaica Americana</container><container type="Folder">NYC 992</container><unitdate>1880</unitdate></did><scopecontent audience="internal"><p>doc_ja_nyc_992_1r.tif; doc_ja_nyc_992_1v.tif</p></scopecontent></c03>
<c03 level="file"><did><unittitle><persname>Robinson, Erwin</persname>. <geogname>Tonica, IL</geogname></unittitle><container type="Drawer" label="Mixed materials">Judaica Americana</container><container type="Folder">VA 658</container><unitdate>1800 December 27</unitdate></did><scopecontent audience="internal"><p>doc_ja_va_658_1r.tif; doc_ja_va_658_1v.tif</p></scopecontent></c03>
<c03 level="file"><did><unittitle><persname>Rothschild, James Mayer</persname>. <geogname>Paris, France</geogname>, Carte-de-visite of Baron James Mayer Rothschild (1792-1868), founder of Rothschild Freres in Paris</unittitle><container type="Drawer" label="Mixed materials">International</container><container type="Folder">23</container><unitdate>1875</unitdate></did><scopecontent audience="internal"><p>doc_in_23_1r.tif; doc_in_23_1v.tif</p></scopecontent></c03>
<c03 level="file"><did><unittitle><persname>Solomons, Adolphus Simeon</persname>. <geogname>Washington, DC</geogname>, Carte-de-visite with photo of adults at the table with full ad on the back for Philip and Solomon's Metrop\olitan Gallery</unittitle><container type="Drawer" label="Mixed materials">Judaica Americana</container><container type="Folder">DC 721</container><unitdate>1875</unitdate></did><scopecontent audience="internal"><p>doc_ja_dc_721_1r.tif; doc_ja_dc_721_1v.tif</p></scopecontent></c03>
<c03 level="file"><did><unittitle><persname>Van Etten, Solomon</persname>. <geogname>New York, NY</geogname></unittitle><container type="Drawer" label="Mixed materials">Civil War</container><container type="Folder">67</container><unitdate>1860</unitdate></did><scopecontent audience="internal"><p>doc_cw_67_1r.tif; doc_cw_67_1v.tif</p></scopecontent></c03>
<c03 level="file"><did><unittitle><corpname>Vannerson and Levy</corpname>. <geogname>Richmond, VA</geogname>, Carte-de-visite of all the Confederate generals with Robert E. Lee in the center. On the back is a full ad for Vannerson and Levy, photographers in Richmond, Virginia</unittitle><container type="Drawer" label="Mixed materials">Civil War</container><container type="Folder">18</container><unitdate>1862</unitdate></did><scopecontent audience="internal"><p>doc_cw_18_1r.tif; doc_cw_18_1v.tif</p></scopecontent></c03>
<c03 level="file"><did><unittitle><corpname>Vannerson and Levy</corpname>. <geogname>Richmond, VA</geogname>, Carte-de-visite of two confederate flags and a drum. On the back is a full ad for Vannerson and Levy, photographers in Richmond, Virginia</unittitle><container type="Drawer" label="Mixed materials">Civil War</container><container type="Folder">19</container><unitdate>1862</unitdate></did><scopecontent audience="internal"><p>doc_cw_19_1r.tif; doc_cw_19_1v.tif</p></scopecontent></c03>
<c03 level="file"><did><unittitle><corpname>W. Frank Waters Co.</corpname> <geogname>Philadelphia, PA</geogname></unittitle><container type="Folder" label="Mixed materials">Binder Q</container><container type="Page">4</container><unitdate>1870</unitdate></did><scopecontent audience="internal"><p>lbr_fq_s4_1r.tif; lbr_fq_s4_1v.tif</p></scopecontent></c03></c02>
<c02 level="subseries"><did><unittitle>Photographs</unittitle></did>
<c03 level="file"><did><unittitle><persname>Alscheuler, Samuel</persname>. <geogname>Chicago, IL</geogname>, Rare salt print photograph of the ship the Lady Elgin, which sank in 1860. The warehouse for the firm Selig and Cohen, manufactures of clothing, is in the photograph</unittitle><container type="Box" label="Mixed materials">1</container><container type="Object">17</container><unitdate>1859</unitdate></did><scopecontent audience="internal"><p>bx1_17_1r.tif</p></scopecontent></c03>
<c03 level="file"><did><unittitle><persname>Bachrach Jr., David</persname>. <geogname>Baltimore, MD</geogname>, Carte-de-visite of a woman</unittitle><container type="Drawer" label="Mixed materials">Judaica Americana</container><container type="Folder">LA 163</container><unitdate>1885</unitdate></did><scopecontent audience="internal"><p>doc_ja_la_163_1r.tif; doc_ja_la_163_1v.tif</p></scopecontent></c03>
<c03 level="file"><did><unittitle><persname>Bachrach, David</persname>. <geogname>Annapolis, MD</geogname>, Carte-de-visite of young naval man at the US naval academy</unittitle><container type="Drawer" label="Mixed materials">Judaica Americana</container><container type="Folder">LA 164</container><unitdate>1862</unitdate></did><scopecontent audience="internal"><p>doc_ja_la_164_1r.tif; doc_ja_la_164_1v.tif</p></scopecontent></c03>
<c03 level="file"><did><unittitle><persname>Balasco, David</persname>. <geogname>New York, NY</geogname>, A photo of a scene from "May Blossom" at the Madison square theatre</unittitle><container type="Drawer" label="Mixed materials">Judaica Americana</container><container type="Folder">NYC 773</container><unitdate>1884</unitdate></did><scopecontent audience="internal"><p>doc_ja_nyc_773_1r.tif; doc_ja_nyc_773_1v.tif; doc_ja_nyc_773_2r.tif; doc_ja_nyc_773_2v.tif; doc_ja_nyc_773_3r.tif; doc_ja_nyc_773_3v.tif</p></scopecontent></c03>
<c03 level="file"><did><unittitle><persname>Bartuowski, Solomon</persname>. <geogname>New York, NY</geogname>, Police mug shot of Solomon Bartuowski, arrested as a general thief</unittitle><container type="Drawer" label="Mixed materials">Judaica Americana</container><container type="Folder">NYC Pamphlet 2023</container><unitdate>1903 June 25</unitdate></did><scopecontent audience="internal"><p>doc_ja_nycp_2023_1r.tif; doc_ja_nycp_2023_1v.tif</p></scopecontent></c03>
<c03 level="file"><did><unittitle><persname>Baruch, Bernard</persname>. <geogname>Washington, DC</geogname>, Photograph of a Derso-and-Kelen cartoon of Baruch and fellow delegates to the Atomic Energy Commission, all dressed up like Dumas' jolly musketeers, which was given to him on his 76th birthday. The photograph is signed by all five musketeers including Bernard Baruch</unittitle><container type="Box" label="Mixed materials">4</container><container type="Object">18</container><unitdate>1946 September 2</unitdate></did><scopecontent audience="internal"><p>bx4_18_1r.tif; bx4_18_1v.tif</p></scopecontent></c03>
<c03 level="file"><did><unittitle><persname>Baumfalk, Fred</persname>. <geogname>Beatrice, NE</geogname>, Cabinet card of three boys, each seen wearing a yarmulke. Back: "Fred Baumfalk(?) sitting down, Morton Baumfalk and Dick, my father's cousins."</unittitle><unitdate>1885</unitdate></did></c03>
<c03 level="file"><did><unittitle><persname>Beaton, Louise</persname>. <geogname>New York, NY</geogname>, Photograph of Louise Beaton as Rachel Goldstein for the Yiddish theatre</unittitle><container type="Drawer" label="Mixed materials">Judaica Americana</container><container type="Folder">NYC 737</container><unitdate>1910</unitdate></did><scopecontent audience="internal"><p>doc_ja_nyc_737_1r.tif; doc_ja_nyc_737_1v.tif</p></scopecontent></c03>
<c03 level="file"><did><unittitle><persname>Behrens, S.</persname> <geogname>Philadelphia, PA</geogname>, Cabinet card of A. Bolof (?) in a Obiglio opera. He has inscribed it to his great friend S. Behrens</unittitle><container type="Drawer" label="Mixed materials">Judaica Americana</container><container type="Folder">PHIL 2</container><unitdate>1880</unitdate></did><scopecontent audience="internal"><p>doc_ja_phil_2_1r.tif; doc_ja_phil_2_1v.tif</p></scopecontent></c03>
<c03 level="file"><did><unittitle><corpname>Bowery</corpname>. <geogname>New York, NY</geogname>, Stereograph of the Bowery</unittitle><container type="Drawer" label="Mixed materials">Judaica Americana</container><container type="Folder">NYC 1037</container><unitdate>1905</unitdate></did><scopecontent audience="internal"><p>doc_ja_nyc_1037_1r.tif; doc_ja_nyc_1037_1v.tif</p></scopecontent></c03>
<c03 level="file"><did><unittitle><persname>Cardozo, Albert Jacob</persname>. <geogname>New York, NY</geogname>, Photograph of Albert Jacob Cardozo (1828-1885), the first Jew elected to the supreme court of New York</unittitle><container type="Drawer" label="Mixed materials">Judaica Americana</container><container type="Folder">NYC 784</container><unitdate>1875</unitdate></did><scopecontent audience="internal"><p>doc_ja_nyc_784_1r.tif; doc_ja_nyc_784_1v.tif</p></scopecontent></c03>
<c03 level="file"><did><unittitle><persname>Carvalho, David Nunes</persname>. <geogname>New York, NY</geogname>, Photograph by D.N. Carvalho of the tomb of Civil War General Grant and guarding soldiers for the Grant Monument Association</unittitle><container type="Drawer" label="Mixed materials">Judaica Americana</container><container type="Folder">NYC 762</container><unitdate>1887</unitdate></did><scopecontent audience="internal"><p>doc_ja_nyc_762_1r.tif; doc_ja_nyc_762_1v.tif</p></scopecontent></c03>
<c03 level="file"><did><unittitle><persname>Cohen, Louis</persname>. <geogname>Fairplay, CO</geogname>, 1890's photograph/cabinet card of the Fairplay Baseball Club. It is a bust view in team uniform with Celsius Link, the team pitcher, and Louis Cohen as catcher</unittitle><container type="Drawer" label="Mixed materials">Judaica Americana</container><container type="Folder">CO 13</container><unitdate>1899</unitdate></did><scopecontent audience="internal"><p>doc_ja_co_13_1r.tif; doc_ja_co_13_1v.tif</p></scopecontent></c03>
<c03 level="file"><did><unittitle><persname>Cohen, Louis</persname>. <geogname>New York, NY</geogname>, Police mug shot of Louis Cohen, arrested as a pickpocket</unittitle><container type="Drawer" label="Mixed materials">Judaica Americana</container><container type="Folder">NYC Pamphlet 2022</container><unitdate>1907 September 6</unitdate></did><scopecontent audience="internal"><p>doc_ja_nycp_2022_1r.tif; doc_ja_nycp_2022_1v.tif</p></scopecontent></c03>
<c03 level="file"><did><unittitle><persname>Cohen, Warren A.</persname> <geogname>New Orleans, LA</geogname>, Photograph of a young woman with add on the back for Turner and Cohen</unittitle><container type="Drawer" label="Mixed materials">Judaica Americana</container><container type="Folder">LA 127</container><unitdate>1866</unitdate></did><scopecontent audience="internal"><p>doc_ja_la_127_1r.tif; doc_ja_la_127_1v.tif</p></scopecontent></c03>
<c03 level="file"><did><unittitle><persname>Cohn, L. B.</persname> <geogname>Los Angeles, CA</geogname>, Photograph of L.B. Cohn, posing with his boys in front of his pawn shop</unittitle><container type="Drawer" label="Mixed materials">Judaica Americana</container><container type="Folder">CA 301</container><unitdate>1885</unitdate></did><scopecontent audience="internal"><p>doc_ja_ca_301_1r.tif; doc_ja_ca_301_1v.tif</p></scopecontent></c03>
<c03 level="file"><did><unittitle><persname>De Young, Philip</persname>. <geogname>Philadelphia, PA</geogname>, Photograph of Philip Deyoung</unittitle><container type="Drawer" label="Mixed materials">Judaica Americana</container><container type="Folder">PHIL 290</container><unitdate>1875</unitdate></did><scopecontent audience="internal"><p>doc_ja_phil_290_1r.tif; doc_ja_phil_290_1v.tif</p></scopecontent></c03>
<c03 level="file"><did><unittitle><corpname>De Young's</corpname>. <geogname>Philadelphia, PA</geogname></unittitle><container type="Drawer" label="Mixed materials">Judaica Americana</container><container type="Folder">PHIL 253</container><unitdate>1876</unitdate></did><scopecontent audience="internal"><p>doc_ja_phil_253_1r.tif; doc_ja_phil_253_1v.tif</p></scopecontent></c03>
<c03 level="file"><did><unittitle><corpname>First National Bank</corpname>. <geogname>Philadelphia, PA</geogname>, Stereograph of Chestnut Street and 3rd Street</unittitle><container type="Drawer" label="Mixed materials">Judaica Americana</container><container type="Folder">PHIL 130</container><unitdate>1873</unitdate></did><scopecontent audience="internal"><p>doc_ja_phil_130_1r.tif; doc_ja_phil_130_1v.tif</p></scopecontent></c03>
<c03 level="file"><did><unittitle><corpname>Fitch's Drug Store</corpname>. <geogname></geogname></unittitle><container type="Box" label="Mixed materials">9</container><container type="Object">55</container><unitdate>undated</unitdate></did><scopecontent audience="internal"><p>bx9_55_1r.tif; bx9_55_1v.tif</p></scopecontent></c03>
<c03 level="file"><did><unittitle><persname>Glaser, Lulu</persname>. <geogname>New York, NY</geogname>, Signed photocard published by newsboy</unittitle><container type="Drawer" label="Mixed materials">Judaica Americana</container><container type="Folder">NYC 734</container><unitdate>1910</unitdate></did><scopecontent audience="internal"><p>doc_ja_nyc_734_1r.tif; doc_ja_nyc_734_1v.tif</p></scopecontent></c03>
<c03 level="file"><did><unittitle><persname>Hertz, Alfred</persname>. <geogname></geogname></unittitle><container type="Drawer" label="Mixed materials">Judaica Americana</container><container type="Folder">IN 85</container><unitdate>undated</unitdate></did><scopecontent audience="internal"><p>doc_ja_in_85_1r.tif; doc_ja_in_85_1v.tif</p></scopecontent></c03>
<c03 level="file"><did><unittitle><corpname>Huebinger Brothers</corpname>. <geogname>Davenport, IA</geogname>, Photograph of an elderly Jewish man with a beard and a skull cap, holding a book. Photograph by Huebinger Bros</unittitle><container type="Drawer" label="Mixed materials">Judaica Americana</container><container type="Folder">IA 89</container><unitdate>1885</unitdate></did><scopecontent audience="internal"><p>doc_ja_ia_89_1r.tif; doc_ja_ia_89_1v.tif</p></scopecontent></c03>
<c03 level="file"><did><unittitle><persname>Ingersoll, T. W.</persname> <geogname>Jerusalem, Palestine</geogname>, Stereograph of David Street in Jerusalem</unittitle><container type="Drawer" label="Mixed materials">International</container><container type="Folder">16</container><unitdate>1904</unitdate></did><scopecontent audience="internal"><p>doc_in_16_1r.tif; doc_in_16_1v.tif</p></scopecontent></c03>
<c03 level="file"><did><unittitle><persname>Ingersoll, T. W.</persname> <geogname>Jerusalem, Palestine</geogname>, Stereograph of Moorish Street in Jerusalem</unittitle><container type="Drawer" label="Mixed materials">International</container><container type="Folder">15</container><unitdate>1904</unitdate></did><scopecontent audience="internal"><p>doc_in_15_1r.tif; doc_in_15_1v.tif</p></scopecontent></c03>
<c03 level="file"><did><unittitle><persname>Ingersoll, T. W.</persname> <geogname>Jerusalem</geogname>, Stereograph of David Street in Jerusalem</unittitle><container type="Drawer" label="Mixed materials">International</container><container type="Folder">11</container><unitdate>1904</unitdate></did><scopecontent audience="internal"><p>doc_in_11_1r.tif; doc_in_11_1v.tif</p></scopecontent></c03>
<c03 level="file"><did><unittitle><corpname>Jewish Synagogue</corpname>. <geogname>New York, NY</geogname>, Stereoscope of a Jewish Synagogue</unittitle><container type="Drawer" label="Mixed materials">Judaica Americana</container><container type="Folder">NYC 826</container><unitdate>1870 December 1</unitdate></did><scopecontent audience="internal"><p>doc_ja_nyc_826_1r.tif; doc_ja_nyc_826_1v.tif</p></scopecontent></c03>
<c03 level="file"><did><unittitle><corpname>Jewish Synagogue</corpname>. <geogname>New York, NY</geogname>, Stereoscope of a Jewish Synagogue</unittitle><container type="Drawer" label="Mixed materials">Judaica Americana</container><container type="Folder">NYC 827</container><unitdate>undated</unitdate></did><scopecontent audience="internal"><p>doc_ja_nyc_827_1r.tif; doc_ja_nyc_827_1v.tif</p></scopecontent></c03>
<c03 level="file"><did><unittitle><corpname>Jewish Synagogue</corpname>. <geogname>New York, NY</geogname>, Stereoscope of a Jewish Synagogue</unittitle><container type="Drawer" label="Mixed materials">Judaica Americana</container><container type="Folder">NYC 828</container><unitdate>undated</unitdate></did><scopecontent audience="internal"><p>doc_ja_nyc_828_1r.tif; doc_ja_nyc_828_1v.tif</p></scopecontent></c03>
<c03 level="file"><did><unittitle><persname>Lane, Abel</persname>. <geogname>Chicago, IL</geogname>, Studio posed photograph of a subject done by Scholl Studio Chicago. Handwritten on the front is "Dr. Abel Lane". It may be an advertisement</unittitle><container type="Drawer" label="Mixed materials">Judaica Americana</container><container type="Folder">IL 72</container><unitdate>1885</unitdate></did><scopecontent audience="internal"><p>doc_ja_il_72_1r.tif; doc_ja_il_72_1v.tif</p></scopecontent></c03>
<c03 level="file"><did><unittitle><persname>Langfeld, Isaac</persname> and <persname>Langfeld, Carrie</persname>. <geogname>Philadelphia, PA</geogname>, Photograph of Isaac and Carrie Langfeld in a presentation folder on their 50th anniversary</unittitle><container type="Drawer" label="Mixed materials">Judaica Americana</container><container type="Folder">PHIL 128</container><unitdate>1893 October 5</unitdate></did><scopecontent audience="internal"><p>doc_ja_phil_128_1r.tif; doc_ja_phil_128_1v.tif; doc_ja_phil_128_2r.tif; doc_ja_phil_128_2v.tif</p></scopecontent></c03>
<c03 level="file"><did><unittitle><persname>Levi, C. H., Mrs.</persname> <geogname>Abilene, KS</geogname>, Photo of Mrs. C.H. Levi</unittitle><container type="Drawer" label="Mixed materials">Judaica Americana</container><container type="Folder">KS 117</container><unitdate>1875</unitdate></did><scopecontent audience="internal"><p>doc_ja_ks_117_1r.tif; doc_ja_ks_117_1v.tif</p></scopecontent></c03>
<c03 level="file"><did><unittitle><persname>Levi, Monahan</persname> and <persname>Cohn, Isaac</persname>. <geogname>Chicago, IL</geogname>, Photographs of people from various nations represented at the World's Columbian Exposition, including a group photo of three Turkish Jews</unittitle><container type="Folder" label="Mixed materials">Binder F</container><container type="Page">65</container><unitdate>1898</unitdate></did><scopecontent audience="internal"><p>lbr_ff_s65_1r.tif; lbr_ff_s65_1v.tif</p></scopecontent></c03>
<c03 level="file"><did><unittitle><persname>Levi, Moses</persname>. <geogname>Philadelphia, PA</geogname></unittitle><container type="Drawer" label="Mixed materials">Judaica Americana</container><container type="Folder">PHIL 133</container><unitdate>undated</unitdate></did><scopecontent audience="internal"><p>doc_ja_phil_133_1r.tif; doc_ja_phil_133_1v.tif</p></scopecontent></c03>
<c03 level="file"><did><unittitle><persname>Levi, Moses</persname>. <geogname>Philadelphia, PA</geogname></unittitle><container type="Drawer" label="Mixed materials">Judaica Americana</container><container type="Folder">PHIL 134</container><unitdate>undated</unitdate></did><scopecontent audience="internal"><p>doc_ja_phil_134_1r.tif; doc_ja_phil_134_1v.tif</p></scopecontent></c03>
<c03 level="file"><did><unittitle><corpname>Levy Sisters</corpname>. <geogname>New York, NY</geogname>, Cabinet card of the Levy sisters</unittitle><container type="Drawer" label="Mixed materials">Judaica Americana</container><container type="Folder">NYC 736</container><unitdate>1890</unitdate></did><scopecontent audience="internal"><p>doc_ja_nyc_736_1r.tif; doc_ja_nyc_736_1v.tif</p></scopecontent></c03>
<c03 level="file"><did><unittitle><corpname>Levy Sisters</corpname>. <geogname>New York, NY</geogname>, Cabinet card of the Levy sisters as "the queens of the ostrich plumes in king kodak."</unittitle><container type="Drawer" label="Mixed materials">Judaica Americana</container><container type="Folder">NYC 735</container><unitdate>1890</unitdate></did><scopecontent audience="internal"><p>doc_ja_nyc_735_1r.tif; doc_ja_nyc_735_1v.tif</p></scopecontent></c03>
<c03 level="file"><did><unittitle><corpname>Levy Sisters</corpname>. <geogname>New York, NY</geogname>, Large cabinet card of the Levy sisters</unittitle><container type="Drawer" label="Mixed materials">Judaica Americana</container><container type="Folder">NYC 738</container><unitdate>1890</unitdate></did><scopecontent audience="internal"><p>doc_ja_nyc_738_1r.tif; doc_ja_nyc_738_1v.tif</p></scopecontent></c03>
<c03 level="file"><did><unittitle><persname>Levy, Alexander</persname>. <geogname>Walsenburg, CO</geogname>, Cabinet card of a mule and colt, owned by A. Levy, Walsenburg, Colorado</unittitle><container type="Drawer" label="Mixed materials">Judaica Americana</container><container type="Folder">CO 20</container><unitdate>1885</unitdate></did><scopecontent audience="internal"><p>doc_ja_co_20_1r.tif; doc_ja_co_20_1v.tif</p></scopecontent></c03>
<c03 level="file"><did><unittitle><persname>Levy, M.</persname> <geogname>Navasota, TX</geogname>, An original over sized cabinet card of the buildings in Navasota, Texas, picturing the M. Levy grocery and dry goods store</unittitle><container type="Drawer" label="Mixed materials">Judaica Americana</container><container type="Folder">TX 625</container><unitdate>1875</unitdate></did><scopecontent audience="internal"><p>doc_ja_tx_625_1r.tif; doc_ja_tx_625_1v.tif</p></scopecontent></c03>
<c03 level="file"><did><unittitle><persname>Lilienthal, Theo.</persname> <geogname>New Orleans, LA</geogname>, Photograph of a Civil War soldier, from Theo. Lilienthal's photographic gallery</unittitle><container type="Drawer" label="Mixed materials">Judaica Americana</container><container type="Folder">LA 143</container><unitdate>1864</unitdate></did><scopecontent audience="internal"><p>doc_ja_la_143_1r.tif; doc_ja_la_143_1v.tif</p></scopecontent></c03>
<c03 level="file"><did><unittitle><persname>Lipman, Clara</persname>. <geogname>New York, NY</geogname>, Cabinet card of Clara Lipman, a well-known Jewish actress, with her signature on the face of the photo. Printed by Schloss</unittitle><container type="Drawer" label="Mixed materials">Judaica Americana</container><container type="Folder">NYC 931</container><unitdate>1897</unitdate></did><scopecontent audience="internal"><p>doc_ja_nyc_931_1r.tif; doc_ja_nyc_931_1v.tif</p></scopecontent></c03>
<c03 level="file"><did><unittitle><persname>Loeb, Rose</persname>. <geogname>Philadelphia, PA</geogname>, Carte-de-visite of Rose Loeb, wife of Sam Loeb, with a full ad on the back for F. Gutekunst</unittitle><container type="Folder" label="Mixed materials">Binder Q</container><container type="Page">3</container><unitdate>1875</unitdate></did><scopecontent audience="internal"><p>lbr_fq_s3_2r.tif; lbr_fq_s3_2v.tif</p></scopecontent></c03>
<c03 level="file"><did><unittitle><persname>Loveman, Adolph</persname> and <persname>Loeb, Emil</persname>. <geogname>Birmingham, AL</geogname></unittitle><container type="Drawer" label="Mixed materials">Judaica Americana</container><container type="Folder">AL 4</container><unitdate>1900</unitdate></did><scopecontent audience="internal"><p>doc_ja_al_4_1r.tif; doc_ja_al_4_1v.tif</p></scopecontent></c03>
<c03 level="file"><did><unittitle><persname>Mangold, J. G.</persname> <geogname>Palatka, FL</geogname></unittitle><container type="Drawer" label="Mixed materials">Judaica Americana</container><container type="Folder">FL 43</container><unitdate>1880</unitdate></did><scopecontent audience="internal"><p>doc_ja_fl_43_1r.tif; doc_ja_fl_43_1v.tif</p></scopecontent></c03>
<c03 level="file"><did><unittitle><persname>Mendelowicz, Israel</persname>. <geogname>Boston, MA</geogname>, Police mug shot of Israel Mendelowicz, arrested for wife neglect</unittitle><container type="Drawer" label="Mixed materials">Judaica Americana</container><container type="Folder">NYC Pamphlet 2020</container><unitdate>1916 July 13</unitdate></did><scopecontent audience="internal"><p>doc_ja_nycp_2020_1r.tif; doc_ja_nycp_2020_1v.tif</p></scopecontent></c03>
<c03 level="file"><did><unittitle><persname>Montefiore, Moses</persname>. <geogname>London, England</geogname>, Carte-de-visite of Moses Montefiore, circa 1880</unittitle><container type="Folder" label="Mixed materials">Binder P</container><container type="Page">21</container><unitdate>1880</unitdate></did><scopecontent audience="internal"><p>lbr_fp_s21c_1r.tif; lbr_fp_s21c_1v.tif; lbr_fp_s21b_1r.tif; lbr_fp_s21b_1v.tif</p></scopecontent></c03>
<c03 level="file"><did><unittitle><persname>Morais, Sabato</persname>. <geogname>London, England</geogname>, Hand drawing of a torah crown, inserted with a photograph by Martin and Son, sent to Rabbi Sabato Morais of Mikveh Israel synagogue in Philadelphia, Pennsylvania regarding an inquiry to purchase</unittitle><container type="Drawer" label="Mixed materials">Mickve Israel</container><container type="Folder">27</container><unitdate>1885</unitdate></did><scopecontent audience="internal"><p>doc_ja_phil_mi_27_1r.tif; doc_ja_phil_mi_27_1v.tif</p></scopecontent></c03>
<c03 level="file"><did><unittitle><persname>Morais, Sabato</persname>. <geogname>London, England</geogname>, Photograph of a silver torah breast plate, by Martin and Son, sent to Rabbi Sabato Morais of Mikveh Israel synagogue in Philadelphia, Pennsylvania regarding an inquiry to purchase</unittitle><container type="Drawer" label="Mixed materials">Mickve Israel</container><container type="Folder">28</container><unitdate>1885</unitdate></did><scopecontent audience="internal"><p>doc_ja_phil_mi_28_1r.tif; doc_ja_phil_mi_28_1v.tif</p></scopecontent></c03>
<c03 level="file"><did><unittitle><persname>Morais, Sabato</persname>. <geogname>London, England</geogname>, Photograph of a silver torah breast plate, by Martin and Son, sent to Rabbi Sabato Morais of Mikveh Israel synagogue in Philadelphia, Pennsylvania regarding an inquiry to purchase</unittitle><container type="Drawer" label="Mixed materials">Mickve Israel</container><container type="Folder">29</container><unitdate>1885</unitdate></did><scopecontent audience="internal"><p>doc_ja_phil_mi_29_1r.tif; doc_ja_phil_mi_29_1v.tif</p></scopecontent></c03>
<c03 level="file"><did><unittitle><persname>Morais, Sabato</persname>. <geogname>London, England</geogname>, Photograph of a silver torah crown, by Martin and Son, sent to Rabbi Sabato Morais of Mikveh Israel synagogue in Philadelphia, Pennsylvania regarding an inquiry to purchase</unittitle><container type="Drawer" label="Mixed materials">Mickve Israel</container><container type="Folder">36</container><unitdate>1885</unitdate></did><scopecontent audience="internal"><p>doc_ja_phil_mi_36_1r.tif; doc_ja_phil_mi_36_1v.tif</p></scopecontent></c03>
<c03 level="file"><did><unittitle><persname>Morais, Sabato</persname>. <geogname>London, England</geogname>, Photograph of a silver torah finaels, by Martin and Son, sent to Rabbi Sabato Morais of Mikveh Israel synagogue in Philadelphia, Pennsylvania regarding an inquiry to purchase</unittitle><container type="Drawer" label="Mixed materials">Mickve Israel</container><container type="Folder">30</container><unitdate>1885</unitdate></did><scopecontent audience="internal"><p>doc_ja_phil_mi_30_1r.tif; doc_ja_phil_mi_30_1v.tif</p></scopecontent></c03>
<c03 level="file"><did><unittitle><persname>Morais, Sabato</persname>. <geogname>London, England</geogname>, Photograph of a silver torah finaels, by Martin and Son, sent to Rabbi Sabato Morais of Mikveh Israel synagogue in Philadelphia, Pennsylvania regarding an inquiry to purchase</unittitle><container type="Drawer" label="Mixed materials">Mickve Israel</container><container type="Folder">31</container><unitdate>1885</unitdate></did><scopecontent audience="internal"><p>doc_ja_phil_mi_31_1r.tif; doc_ja_phil_mi_31_1v.tif</p></scopecontent></c03>
<c03 level="file"><did><unittitle><persname>Morais, Sabato</persname>. <geogname>London, England</geogname>, Photograph of a silver torah finaels, by Martin and Son, sent to Rabbi Sabato Morais of Mikveh Israel synagogue in Philadelphia, Pennsylvania regarding an inquiry to purchase</unittitle><container type="Drawer" label="Mixed materials">Mickve Israel</container><container type="Folder">32</container><unitdate>1885</unitdate></did><scopecontent audience="internal"><p>doc_ja_phil_mi_32_1r.tif; doc_ja_phil_mi_32_1v.tif</p></scopecontent></c03>
<c03 level="file"><did><unittitle><persname>Morais, Sabato</persname>. <geogname>London, England</geogname>, Photograph of a silver torah finaels, by Martin and Son, sent to Rabbi Sabato Morais of Mikveh Israel synagogue in Philadelphia, Pennsylvania regarding an inquiry to purchase</unittitle><container type="Drawer" label="Mixed materials">Mickve Israel</container><container type="Folder">33</container><unitdate>1885</unitdate></did><scopecontent audience="internal"><p>doc_ja_phil_mi_33_1r.tif; doc_ja_phil_mi_33_1v.tif</p></scopecontent></c03>
<c03 level="file"><did><unittitle><persname>Morais, Sabato</persname>. <geogname>London, England</geogname>, Photograph of a silver torah finaels, by Martin and Son, sent to Rabbi Sabato Morais of Mikveh Israel synagogue in Philadelphia, Pennsylvania regarding an inquiry to purchase</unittitle><container type="Drawer" label="Mixed materials">Mickve Israel</container><container type="Folder">34</container><unitdate>1885</unitdate></did><scopecontent audience="internal"><p>doc_ja_phil_mi_34_1r.tif; doc_ja_phil_mi_34_1v.tif</p></scopecontent></c03>
<c03 level="file"><did><unittitle><persname>Morais, Sabato</persname>. <geogname>London, England</geogname>, Photograph of a silver torah finaels, by Martin and Son, sent to Rabbi Sabato Morais of Mikveh Israel synagogue in Philadelphia, Pennsylvania regarding an inquiry to purchase</unittitle><container type="Drawer" label="Mixed materials">Mickve Israel</container><container type="Folder">35</container><unitdate>1885</unitdate></did><scopecontent audience="internal"><p>doc_ja_phil_mi_35_1r.tif; doc_ja_phil_mi_35_1v.tif</p></scopecontent></c03>
<c03 level="file"><did><unittitle><persname>Moses, Bernard</persname> and <persname>Moses, Gustave</persname>. <geogname>New Orleans, LA</geogname>, Carte-de-visite of Ludwig Lehman, with full ad on back for B. and G. Moses in New Orleans, Louisiana</unittitle><container type="Box" label="Mixed materials">4</container><container type="Object">4d</container><unitdate>1870</unitdate></did><scopecontent audience="internal"><p>bx4_4d_1r.tif; bx4_4d_1v.tif</p></scopecontent></c03>
<c03 level="file"><did><unittitle><persname>Nethersole, Olga</persname>. <geogname>United States</geogname>, Sweet Coporal Cigarette Card</unittitle><container type="Drawer" label="Mixed materials">Judaica Americana</container><container type="Folder">NYC 730</container><unitdate>1890</unitdate></did><scopecontent audience="internal"><p>doc_ja_nyc_730_1r.tif; doc_ja_nyc_730_1v.tif</p></scopecontent></c03>
<c03 level="file"><did><unittitle><corpname>Ohel Leah Synagogue</corpname>. <geogname>Hong Kong</geogname>, Image of monument erected by Jacob Elias David Sassoon</unittitle><container type="Drawer" label="Mixed materials">Montefiore</container><container type="Folder">27</container><unitdate>undated</unitdate></did><scopecontent audience="internal"><p>doc_mnt_27_1r.tif; doc_mnt_27_1v.tif</p></scopecontent></c03>
<c03 level="file"><did><unittitle><persname>Pesorowsky, Jacob</persname>. <geogname>Boston, MA</geogname>, Police mug shot of Jacob Pesorowsky, arrested for breaking and entering a store, described with a hooked nose</unittitle><container type="Drawer" label="Mixed materials">Judaica Americana</container><container type="Folder">NYC Pamphlet 2019</container><unitdate>1920 January 6</unitdate></did><scopecontent audience="internal"><p>doc_ja_nycp_2019_1r.tif; doc_ja_nycp_2019_1v.tif</p></scopecontent></c03>
<c03 level="file"><did><unittitle><persname>Resnick, Judith</persname>. <geogname>Pittsburgh, PA</geogname>, Autographed NASA publicity photo of deceased Challenger atronaut Judy Resnick, the first American Jewish astronaut</unittitle><container type="Drawer" label="Mixed materials">Judaica Americana</container><container type="Folder">PA 512</container><unitdate>1978</unitdate></did><scopecontent audience="internal"><p>doc_ja_pa_512_1r.tif; doc_ja_pa_512_1v.tif</p></scopecontent></c03>
<c03 level="file"><did><unittitle><persname>Rosebaum, Shelly</persname>. <geogname>Bonham, TX</geogname>, Carte-de-visite of Shelly Rosebaum</unittitle><container type="Drawer" label="Mixed materials">Judaica Americana</container><container type="Folder">TX 623</container><unitdate>1889</unitdate></did><scopecontent audience="internal"><p>doc_ja_tx_623_1r.tif; doc_ja_tx_623_1v.tif</p></scopecontent></c03>
<c03 level="file"><did><unittitle><persname>Roth, Abraham</persname>. <geogname>New York, NY</geogname>, Police mug shot of Abraham Roth, born in Romania, arrested on homicide</unittitle><container type="Drawer" label="Mixed materials">Judaica Americana</container><container type="Folder">NYC Pamphlet 2024</container><unitdate>1910 July 28</unitdate></did><scopecontent audience="internal"><p>doc_ja_nycp_2024_1r.tif; doc_ja_nycp_2024_1v.tif</p></scopecontent></c03>
<c03 level="file"><did><unittitle><corpname>Sanders, Jacob &amp; Son</corpname>. <geogname>Trinidad, CO</geogname>, Photograph of Jacob Sanders, founder and secretary of Congregation Aron, and his two sons in the entrance of their store. Companion piece to brass seal</unittitle><container type="Drawer" label="Mixed materials">Judaica Americana</container><container type="Folder">CO 23</container><unitdate>1885</unitdate></did><scopecontent audience="internal"><p>doc_ja_co_23_1r.tif; doc_ja_co_23_1v.tif</p></scopecontent></c03>
<c03 level="file"><did><unittitle><persname>Simon, Morris</persname>. <geogname>New York, NY</geogname>, Police mug shot of Morris Simon, arrested for assault</unittitle><container type="Drawer" label="Mixed materials">Judaica Americana</container><container type="Folder">NYC Pamphlet 2021</container><unitdate>1907 October 8</unitdate></did><scopecontent audience="internal"><p>doc_ja_nycp_2021_1r.tif; doc_ja_nycp_2021_1v.tif</p></scopecontent></c03>
<c03 level="file"><did><unittitle><persname>Stein, Solomon</persname>. <geogname>New York, NY</geogname>, Police mug shot of Solomon Stein, alias "Nigger", arrested for burglary</unittitle><container type="Drawer" label="Mixed materials">Judaica Americana</container><container type="Folder">NYC Pamphlet 2018</container><unitdate>1907 October 3</unitdate></did><scopecontent audience="internal"><p>doc_ja_nycp_2018_1r.tif; doc_ja_nycp_2018_1v.tif</p></scopecontent></c03>
<c03 level="file"><did><unittitle><persname>Sulzberger, Abraham</persname> and <persname>Sulzberger, Sophia</persname>. <geogname>Philadelphia, PA</geogname>, Photograph of Abraham Sulzberger</unittitle><container type="Drawer" label="Mixed materials">Judaica Americana</container><container type="Folder">PHIL 289</container><unitdate>1875</unitdate></did><scopecontent audience="internal"><p>doc_ja_phil_289_1r.tif; doc_ja_phil_289_1v.tif; doc_ja_phil_289_2r.tif; doc_ja_phil_289_2v.tif</p></scopecontent></c03>
<c03 level="file"><did><unittitle><persname>Sulzberger, David</persname>. <geogname>Philadelphia, PA</geogname>, Photograph of David Sulzberger</unittitle><container type="Drawer" label="Mixed materials">Judaica Americana</container><container type="Folder">PHIL 283</container><unitdate>1890</unitdate></did><scopecontent audience="internal"><p>doc_ja_phil_283_1r.tif; doc_ja_phil_283_1v.tif</p></scopecontent></c03>
<c03 level="file"><did><unittitle><persname>Sulzberger, Leopold</persname> and <persname>Sulzberger, Leopold, Mrs.</persname> <geogname>Philadelphia, PA</geogname></unittitle><container type="Drawer" label="Mixed materials">Judaica Americana</container><container type="Folder">PHIL 266</container><unitdate>1865</unitdate></did><scopecontent audience="internal"><p>doc_ja_phil_266_1r.tif; doc_ja_phil_266_1v.tif; doc_ja_phil_266_2r.tif; doc_ja_phil_266_2v.tif</p></scopecontent></c03>
<c03 level="file"><did><unittitle><corpname>Sutro Baths</corpname>. <geogname>San Francisco, CA</geogname>, Stereograph showing Sutro Baths</unittitle><container type="Drawer" label="Mixed materials">Judaica Americana</container><container type="Folder">CA 357</container><unitdate>1898</unitdate></did><scopecontent audience="internal"><p>doc_ja_ca_357_1r.tif; doc_ja_ca_357_1v.tif</p></scopecontent></c03>
<c03 level="file"><did><unittitle><corpname>Synagogue Emanuel</corpname>. <geogname>San Francisco, CA</geogname>, Stereograph of Synagogue Emanuel</unittitle><container type="Drawer" label="Mixed materials">Judaica Americana</container><container type="Folder">CA 367</container><unitdate>undated</unitdate></did><scopecontent audience="internal"><p>doc_ja_ca_367_1r.tif; doc_ja_ca_367_1v.tif</p></scopecontent></c03>
<c03 level="file"><did><unittitle><corpname>Synagogue</corpname>. <geogname>San Francisco, CA</geogname>, Stereograph showing the ruins of the Jewish Synagogue</unittitle><container type="Drawer" label="Mixed materials">Judaica Americana</container><container type="Folder">CA 366</container><unitdate>1906</unitdate></did><scopecontent audience="internal"><p>doc_ja_ca_366_1r.tif; doc_ja_ca_366_1v.tif</p></scopecontent></c03>
<c03 level="file"><did><unittitle><corpname>The Pittsburg Times</corpname>. <geogname>Jerusalem</geogname>, Stereograph of Western Wall in Jerusalem</unittitle><container type="Drawer" label="Mixed materials">International</container><container type="Folder">20</container><unitdate>undated</unitdate></did><scopecontent audience="internal"><p>doc_in_20_1r.tif; doc_in_20_1v.tif</p></scopecontent></c03>
<c03 level="file"><did><unittitle><persname>Truly, Jarvis</persname>. <geogname>New Orleans, LA</geogname>, Photograph by Turner and Cohen</unittitle><container type="Drawer" label="Mixed materials">Judaica Americana</container><container type="Folder">LA 128</container><unitdate>undated</unitdate></did><scopecontent audience="internal"><p>doc_ja_la_128_1r.tif; doc_ja_la_128_1v.tif</p></scopecontent></c03>
<c03 level="file"><did><unittitle><persname>Unknown</persname>. <geogname>Philadelphia, PA</geogname></unittitle><container type="Drawer" label="Mixed materials">Judaica Americana</container><container type="Folder">PHIL 284</container><unitdate>undated</unitdate></did><scopecontent audience="internal"><p>doc_ja_phil_284_1r.tif</p></scopecontent></c03>
<c03 level="file"><did><unittitle><corpname>W. and I. Steinhart and Company</corpname>. <geogname>San Francisco, CA</geogname>, W. and I. Steinhart and Company photograph of five men in suits and hats in San Francisco, California standing in front of one of the Steinhart clothing stores that sold jeans</unittitle><container type="Drawer" label="Mixed materials">Judaica Americana</container><container type="Folder">CA 351</container><unitdate>1885</unitdate></did><scopecontent audience="internal"><p>doc_ja_ca_351_1r.tif; doc_ja_ca_351_1v.tif</p></scopecontent></c03>
<c03 level="file"><did><unittitle><persname>Walenski</persname> and <persname>Lazerus</persname>. <geogname>St. Paul, MN</geogname></unittitle><container type="Drawer" label="Mixed materials">Judaica Americana</container><container type="Folder">MN 1</container><unitdate>1890</unitdate></did><scopecontent audience="internal"><p>doc_ja_mn_1r.tif; doc_ja_mn_1v.tif</p></scopecontent></c03>
<c03 level="file"><did><unittitle><persname>Weiner</persname>. <geogname>South Whitley, IN</geogname></unittitle><container type="Drawer" label="Mixed materials">Judaica Americana</container><container type="Folder">IN 82</container><unitdate>1890</unitdate></did><scopecontent audience="internal"><p>doc_ja_in_82_1r.tif; doc_ja_in_82_1v.tif</p></scopecontent></c03>
<c03 level="file"><did><unittitle><persname>Weiner</persname>. <geogname>South Whitley, IN</geogname></unittitle><container type="Drawer" label="Mixed materials">Judaica Americana</container><container type="Folder">IN 83</container><unitdate>1890</unitdate></did><scopecontent audience="internal"><p>doc_ja_in_83_1r.tif; doc_ja_in_83_1v.tif</p></scopecontent></c03>
<c03 level="file"><did><unittitle><persname>Weiner</persname>. <geogname>South Whitley, IN</geogname></unittitle><container type="Drawer" label="Mixed materials">Judaica Americana</container><container type="Folder">IN 84</container><unitdate>1890</unitdate></did><scopecontent audience="internal"><p>doc_ja_in_84_1r.tif; doc_ja_in_84_1v.tif</p></scopecontent></c03>
<c03 level="file"><did><unittitle><persname>Weiner</persname>. <geogname>South Whitley, IN</geogname></unittitle><container type="Drawer" label="Mixed materials">Judaica Americana</container><container type="Folder">IN 86</container><unitdate>1885</unitdate></did><scopecontent audience="internal"><p>doc_ja_in_86_1r.tif; doc_ja_in_86_1v.tif</p></scopecontent></c03>
<c03 level="file"><did><unittitle><persname>Werner, Nathan</persname>. <geogname>Berlin, Germany</geogname>, First New Year's service held in the reconstructed synagogue</unittitle><container type="Drawer" label="Mixed materials">Montefiore</container><container type="Folder">46-47</container><unitdate>1945 September 18</unitdate></did><scopecontent audience="internal"><p>doc_mnt_46_1r.tif; doc_mnt_46_1v.tif; doc_mnt_47_1r.tif; doc_mnt_47_1v.tif</p></scopecontent></c03>
<c03 level="file"><did><unittitle><persname>Yulee, David</persname>. <geogname></geogname></unittitle><container type="Drawer" label="Mixed materials">David Yulee</container><container type="Folder">3</container><unitdate>undated</unitdate></did><scopecontent audience="internal"><p>doc_dy_3_1r.tif; doc_dy_3_1v.tif</p></scopecontent></c03></c02>
<c02 level="subseries"><did><unittitle>Stereo Cards</unittitle></did>
<c03 level="file"><did><unittitle><corpname>A Street in the Tenement District</corpname>. <geogname>New York, NY</geogname>, Stereo view card in color of a street in the tenement district</unittitle><container type="Drawer" label="Mixed materials">Judaica Americana</container><container type="Folder">NYC 890</container><unitdate>1910</unitdate></did><scopecontent audience="internal"><p>doc_ja_nyc_890_1r.tif; doc_ja_nyc_890_1v.tif</p></scopecontent></c03>
<c03 level="file"><did><unittitle><persname>Bowery</persname>. <geogname>New York, NY</geogname>, Stereo view card in color of the famous bowery as it is today</unittitle><container type="Drawer" label="Mixed materials">Judaica Americana</container><container type="Folder">NYC 889</container><unitdate>1910</unitdate></did><scopecontent audience="internal"><p>doc_ja_nyc_889_1r.tif; doc_ja_nyc_889_1v.tif</p></scopecontent></c03>
<c03 level="file"><did><unittitle><persname>Chase, W. M.</persname> <geogname>Baltimore, MD</geogname>, Stereoview card in a series called United States Views by W. M. Chase, Baltimore Maryland. This card is a view of the Jewish Hospital in Baltimore, Maryland</unittitle><container type="Drawer" label="Mixed materials">Judaica Americana</container><container type="Folder">MD 224</container><unitdate>1870</unitdate></did><scopecontent audience="internal"><p>doc_ja_md_224_1r.tif; doc_ja_md_224_1v.tif</p></scopecontent></c03>
<c03 level="file"><did><unittitle><corpname>Chatham</corpname>. <geogname>New York, NY</geogname>, Stereo view card of an early New York City street scene in the immigrant quarters in "Five Points."</unittitle><container type="Drawer" label="Mixed materials">Judaica Americana</container><container type="Folder">NYC 888</container><unitdate>1875</unitdate></did><scopecontent audience="internal"><p>doc_ja_nyc_888_1r.tif; doc_ja_nyc_888_1v.tif</p></scopecontent></c03>
<c03 level="file"><did><unittitle><corpname>Cohen and Marx</corpname>. <geogname>Johnstown, PA</geogname>, Stereo view card of Cohen and Marx store front</unittitle><container type="Drawer" label="Mixed materials">Judaica Americana</container><container type="Folder">PA 458</container><unitdate>1889</unitdate></did><scopecontent audience="internal"><p>doc_ja_pa_458_1r.tif; doc_ja_pa_458_1v.tif</p></scopecontent></c03>
<c03 level="file"><did><unittitle><corpname>Cohen, L. M.</corpname> <geogname>New York, NY</geogname>, Early stereo view card of Park Ave. Back: advertisement for L.M. Cohen</unittitle><container type="Drawer" label="Mixed materials">Billheads Pre-1880</container><container type="Folder">NYC 1051</container><unitdate>1875</unitdate></did><scopecontent audience="internal"><p>doc_bhe_nyc_1051_1r.tif; doc_bhe_nyc_1051_1v.tif</p></scopecontent></c03>
<c03 level="file"><did><unittitle><persname>Goldsmith</persname> and <persname>Eisen</persname>. <geogname>Milwaukee, WI</geogname>, Stereo view card of the Goldsmith and Co./Eisen and Co. store front</unittitle><container type="Drawer" label="Mixed materials">Judaica Americana</container><container type="Folder">WI 729</container><unitdate>1880</unitdate></did><scopecontent audience="internal"><p>doc_ja_wi_729_1r.tif; doc_ja_wi_729_1v.tif</p></scopecontent></c03>
<c03 level="file"><did><unittitle><persname>Hochstein, Moses</persname>. <geogname>St. Paul, MN</geogname>, Stereo view card of Moses Hochstein's Second Hand Store sold by canvassers</unittitle><container type="Box" label="Mixed materials">3</container><container type="Object">1d</container><unitdate>1890</unitdate></did><scopecontent audience="internal"><p>bx3_1d_1r.tif; bx3_1d_1v.tif</p></scopecontent></c03>
<c03 level="file"><did><unittitle><persname>Isaacs, Myer S.</persname> <geogname>New York, NY</geogname>, Stereo view card looking up Broadway with a view of the Jewish Messenger building, founded in 1857 by Rabbi Samuel M.C. Isaacs</unittitle><container type="Drawer" label="Mixed materials">Judaica Americana</container><container type="Folder">NYC 835</container><unitdate>1880</unitdate></did><scopecontent audience="internal"><p>doc_ja_nyc_835_1r.tif; doc_ja_nyc_835_1v.tif</p></scopecontent></c03>
<c03 level="file"><did><unittitle><corpname>Jewish Congregation</corpname>. <geogname>Cincinnati, OH</geogname>, Stereo view card of the Jewish synagogue in Cincinnati, Ohio. Published by E. and H.T. Anthony and Co</unittitle><container type="Drawer" label="Mixed materials">Judaica Americana</container><container type="Folder">IA 89</container><unitdate>1875</unitdate></did><scopecontent audience="internal"><p>doc_ja_ia_89_1r.tif; doc_ja_ia_89_1v.tif</p></scopecontent></c03>
<c03 level="file"><did><unittitle><corpname>Jewish Synagogue</corpname>. <geogname>New York, NY</geogname>, Stereo view card of the synagogue of Congregation Emanu-El, who occupied a Moorish-style building on 5th Avenue</unittitle><container type="Drawer" label="Mixed materials">Judaica Americana</container><container type="Folder">NYC 821</container><unitdate>1870 December 1</unitdate></did><scopecontent audience="internal"><p>doc_ja_nyc_821_1r.tif; doc_ja_nyc_821_1v.tif</p></scopecontent></c03>
<c03 level="file"><did><unittitle><corpname>Jewish Synagogue</corpname>. <geogname>San Francisco, CA</geogname>, Stereo view card in color of a "Jewish synagogue in the foregrounf from Sutter and Powell St."</unittitle><container type="Drawer" label="Mixed materials">Judaica Americana</container><container type="Folder">CA 364</container><unitdate>1906 April 16</unitdate></did><scopecontent audience="internal"><p>doc_ja_ca_364_1r.tif; doc_ja_ca_364_1v.tif</p></scopecontent></c03>
<c03 level="file"><did><unittitle><corpname>Jewish Synagogue</corpname>. <geogname>San Francisco, CA</geogname>, Stereo view card in color of a "wrecked mason temple and Jewsih synagogue on Geary St."</unittitle><container type="Drawer" label="Mixed materials">Judaica Americana</container><container type="Folder">CA 365</container><unitdate>1906 April 16</unitdate></did><scopecontent audience="internal"><p>doc_ja_ca_365_1r.tif; doc_ja_ca_365_1v.tif</p></scopecontent></c03>
<c03 level="file"><did><unittitle><corpname>Jewish Synagogue</corpname>. <geogname>San Francisco, CA</geogname>, Stereo view card looking west from the Jewish synagogue</unittitle><container type="Drawer" label="Mixed materials">Judaica Americana</container><container type="Folder">CA 369</container><unitdate>1900</unitdate></did><scopecontent audience="internal"><p>doc_ja_ca_369_1r.tif; doc_ja_ca_369_1v.tif</p></scopecontent></c03>
<c03 level="file"><did><unittitle><corpname>Jewish Synagogue</corpname>. <geogname>San Francisco, CA</geogname>, Stereo view card looking west from the Jewish synagogue in ruins</unittitle><container type="Drawer" label="Mixed materials">Judaica Americana</container><container type="Folder">CA 370</container><unitdate>1900</unitdate></did><scopecontent audience="internal"><p>doc_ja_ca_370_1r.tif; doc_ja_ca_370_1v.tif</p></scopecontent></c03>
<c03 level="file"><did><unittitle><corpname>Jewish Synagogue</corpname>. <geogname>San Francisco, CA</geogname>, Stereo view card of the ruins of the Jewish synagogue on Sutter St, destroyed by the earthquake of 1906</unittitle><container type="Drawer" label="Mixed materials">Judaica Americana</container><container type="Folder">CA 359</container><unitdate>1906</unitdate></did><scopecontent audience="internal"><p>doc_ja_ca_359_1r.tif; doc_ja_ca_359_1v.tif</p></scopecontent></c03>
<c03 level="file"><did><unittitle><corpname>Jewish Synagogue</corpname>. <geogname>San Francisco, CA</geogname>, Stereo view card with a view of the Jewish synagogue on Sutter St., from the San Francisco series by Thomas Houseworth</unittitle><container type="Drawer" label="Mixed materials">Judaica Americana</container><container type="Folder">CA 368</container><unitdate>1870</unitdate></did><scopecontent audience="internal"><p>doc_ja_ca_368_1r.tif; doc_ja_ca_368_1v.tif</p></scopecontent></c03>
<c03 level="file"><did><unittitle><corpname>Keystone View Company</corpname>. <geogname>Jaffa, Palestine</geogname>, Stereo view card of a busy street in Jaffa, by the Keystone View Company</unittitle><container type="Drawer" label="Mixed materials">International</container><container type="Folder">18</container><unitdate>1900</unitdate></did><scopecontent audience="internal"><p>doc_in_18_1r.tif; doc_in_18_1v.tif</p></scopecontent></c03>
<c03 level="file"><did><unittitle><corpname>Keystone View Company</corpname>. <geogname>Jaffa, Palestine</geogname>, Stereo view card of a money changer and his patrons inside the Jaffa gate, by Underwood and Underwood</unittitle><container type="Drawer" label="Mixed materials">International</container><container type="Folder">19</container><unitdate>1900</unitdate></did><scopecontent audience="internal"><p>doc_in_19_1r.tif; doc_in_19_1v.tif</p></scopecontent></c03>
<c03 level="file"><did><unittitle><corpname>Keystone View Company</corpname>. <geogname>Jaffa, Palestine</geogname>, Stereo view card, "Inside a Jewsih synagogue showing the holy place and the reader's platform," by the Keystone View Company</unittitle><container type="Drawer" label="Mixed materials">International</container><container type="Folder">40</container><unitdate>1890</unitdate></did><scopecontent audience="internal"><p>doc_in_40_2r.tif; doc_in_40_2v.tif</p></scopecontent></c03>
<c03 level="file"><did><unittitle><corpname>Keystone View Company</corpname>. <geogname>New York, NY</geogname>, Stereo view card of the "Gateway of America." Shows immigrants landing from a barge at Ellis Island. By Keystone View Company</unittitle><container type="Drawer" label="Mixed materials">Judaica Americana</container><container type="Folder">NYC 814</container><unitdate>1914</unitdate></did><scopecontent audience="internal"><p>doc_ja_nyc_814_1v.tif; doc_ja_nyc_814_1v.tif</p></scopecontent></c03>
<c03 level="file"><did><unittitle><corpname>Keystone View Company</corpname>. <geogname>New York, NY</geogname>, Stereo view card of the lower east side</unittitle><container type="Drawer" label="Mixed materials">Judaica Americana</container><container type="Folder">NYC 930</container><unitdate>1897</unitdate></did><scopecontent audience="internal"><p>doc_ja_nyc_930_1r.tif; doc_ja_nyc_930_1v.tif</p></scopecontent></c03>
<c03 level="file"><did><unittitle><corpname>Keystone View Company</corpname>. <geogname>Warsaw, Poland</geogname>, Stereo view card of market day in the Jewish quarter. Photograph by Keystone View Company</unittitle><container type="Box" label="Mixed materials">3</container><container type="Object">1b</container><unitdate>1900</unitdate></did><scopecontent audience="internal"><p>bx3_1b_1r.tif; bx3_1b_1v.tif</p></scopecontent></c03>
<c03 level="file"><did><unittitle><corpname>Keystone View Company</corpname>. <geogname>Warsaw, Poland</geogname>, Stereo view card of the hat and clothes market in the Jewish quarter. Photograph by Keystone View Cpmpany</unittitle><container type="Box" label="Mixed materials">3</container><container type="Object">1a</container><unitdate>1900</unitdate></did><scopecontent audience="internal"><p>bx3_1a_1r.tif; bx3_1a_1v.tif</p></scopecontent></c03>
<c03 level="file"><did><unittitle><corpname>Levy and Coblentz</corpname>. <geogname>San Francisco, CA</geogname>, A stereoview card of the Levy and Coblentz store front</unittitle><container type="Drawer" label="Mixed materials">Judaica Americana</container><container type="Folder">CA 310</container><unitdate>1870</unitdate></did><scopecontent audience="internal"><p>doc_ja_ca_310_1r.tif; doc_ja_ca_310_1v.tif</p></scopecontent></c03>
<c03 level="file"><did><unittitle><corpname>Levy and Coblentz</corpname>. <geogname>San Francisco, CA</geogname>, A steroview card of Levy and Coblentz in Downey's Block on Main Street in Los Angeles. They were the oldest distributer of wine and liquor in the city</unittitle><container type="Drawer" label="Mixed materials">Judaica Americana</container><container type="Folder">CA 312</container><unitdate>1875</unitdate></did><scopecontent audience="internal"><p>doc_ja_ca_312_1r.tif; doc_ja_ca_312_1v.tif</p></scopecontent></c03>
<c03 level="file"><did><unittitle><corpname>Levy and Coblentz</corpname>. <geogname>San Francisco, CA</geogname>, A steroview card of Levy and Coblentz store front in Downey's Block on Main Street in Los Angeles. They were the oldest distributer of wine and liquor in the city</unittitle><container type="Drawer" label="Mixed materials">Judaica Americana</container><container type="Folder">CA 311</container><unitdate>1870</unitdate></did><scopecontent audience="internal"><p>doc_ja_ca_311_1r.tif; doc_ja_ca_311_1v.tif</p></scopecontent></c03>
<c03 level="file"><did><unittitle><persname>Levy, Jefferson</persname>. <geogname>Mt. Vernon, VA</geogname>, A stereo card of the "Home of Thomas Jefferson", taken by D.H. Anderson in 1870, while the home was owned by the Levy family</unittitle><container type="Drawer" label="Mixed materials">Judaica Americana</container><container type="Folder">NYC 920</container><unitdate>1870</unitdate></did><scopecontent audience="internal"><p>doc_ja_nyc_920_1r.tif; doc_ja_nyc_920_1v.tif</p></scopecontent></c03>
<c03 level="file"><did><unittitle><persname>Love, J. W.</persname> <geogname>United States</geogname>, Stereo view card of the actor J. W. Love, portraying a rabbi</unittitle><container type="Drawer" label="Mixed materials">Judaica Americana</container><container type="Folder">NYC 732</container><unitdate>1860</unitdate></did><scopecontent audience="internal"><p>doc_ja_nyc_732_1r.tif; doc_ja_nyc_732_1v.tif</p></scopecontent></c03>
<c03 level="file"><did><unittitle><corpname>Market Under East River</corpname>. <geogname>New York, NY</geogname>, Stereo view card in color of a market under the east river bridge</unittitle><container type="Drawer" label="Mixed materials">Judaica Americana</container><container type="Folder">NYC 891</container><unitdate>1910</unitdate></did><scopecontent audience="internal"><p>doc_ja_nyc_891_1r.tif; doc_ja_nyc_891_1v.tif</p></scopecontent></c03>
<c03 level="file"><did><unittitle><corpname>Mickve Israel</corpname>. <geogname>Philadelphia, PA</geogname>, Stereo view card of the Jewish synagogue in Philadelphia, Mikveh Israel, by B. Ropes</unittitle><container type="Drawer" label="Mixed materials">Mickve Israel</container><container type="Folder">12</container><unitdate>1875</unitdate></did><scopecontent audience="internal"><p>doc_ja_phil_mi_12_1r.tif; doc_ja_phil_mi_12_1v.tif</p></scopecontent></c03>
<c03 level="file"><did><unittitle><persname>Prager, S.</persname> <geogname>Los Angeles, CA</geogname>, Yellow stereo card showing a corner street with business sign of Prager Furniture and Goods</unittitle><container type="Drawer" label="Mixed materials">Judaica Americana</container><container type="Folder">CA 324</container><unitdate>1870</unitdate></did><scopecontent audience="internal"><p>doc_ja_ca_324_1r.tif; doc_ja_ca_324_1v.tif</p></scopecontent></c03>
<c03 level="file"><did><unittitle><persname>Rosman, Z.</persname> <geogname>New York, NY</geogname>, Stereo View card of store front of Z. Rosman, New York Clothing House</unittitle><container type="Drawer" label="Mixed materials">Judaica Americana</container><container type="Folder">NYC 996</container><unitdate>1890</unitdate></did><scopecontent audience="internal"><p>doc_ja_nyc_996_1r.tif; doc_ja_nyc_996_1v.tif</p></scopecontent></c03>
<c03 level="file"><did><unittitle><corpname>Sinai Congregation</corpname>. <geogname>Chicago, IL</geogname>, A stereo view card of the Sinai congregation, from the American scenery views of Chicago and the vicinity</unittitle><container type="Drawer" label="Mixed materials">Judaica Americana</container><container type="Folder">IL 75</container><unitdate>1880</unitdate></did><scopecontent audience="internal"><p>doc_ja_il_75_1r.tif; doc_ja_il_75_1v.tif</p></scopecontent></c03>
<c03 level="file"><did><unittitle><corpname>Synagogue Emanuel</corpname>. <geogname>San Francisco, CA</geogname>, Stereo view card of Synagogue Emanuel before its destruction</unittitle><container type="Drawer" label="Mixed materials">Judaica Americana</container><container type="Folder">CA 360</container><unitdate>1875</unitdate></did><scopecontent audience="internal"><p>doc_ja_ca_360_1r.tif; doc_ja_ca_360_1v.tif</p></scopecontent></c03>
<c03 level="file"><did><unittitle><persname>Touro</persname>. <geogname>Newport, RI</geogname></unittitle><container type="Drawer" label="Mixed materials">Judaica Americana</container><container type="Folder">RI 527</container><unitdate>1860</unitdate></did><scopecontent audience="internal"><p>doc_ja_ri_527_1r.tif; doc_ja_ri_527_1v</p></scopecontent></c03>
<c03 level="file"><did><unittitle><corpname>Underwood and Underwood</corpname>. <geogname>Jaffa, Palestine</geogname>, Stereo view card of man with text regarding synagogue interiors on verso</unittitle><container type="Drawer" label="Mixed materials">International</container><container type="Folder">40</container><unitdate>1900</unitdate></did><scopecontent audience="internal"><p>doc_in_40_1r.tif; doc_in_40_1v.tif</p></scopecontent></c03>
<c03 level="file"><did><unittitle><corpname>Underwood and Underwood</corpname>. <geogname>Jaffa, Palestine</geogname>, Stereo view card of the bazaar of Jaffa on market day, by Underwood and Underwood</unittitle><container type="Drawer" label="Mixed materials">International</container><container type="Folder">17</container><unitdate>1900</unitdate></did><scopecontent audience="internal"><p>doc_in_17_1r.tif; doc_in_17_1v.tif</p></scopecontent></c03>
<c03 level="file"><did><unittitle><persname>Unknown</persname>. <geogname>Jerusalem, Palestine</geogname>, Stereo view card of a Jerusalem Jew</unittitle><container type="Drawer" label="Mixed materials">International</container><container type="Folder">13</container><unitdate>1900</unitdate></did><scopecontent audience="internal"><p>doc_in_13_1r.tif; doc_in_13_1v.tif</p></scopecontent></c03></c02></c01>


</dsc>

</archdesc>
</ead>
